,datetime,machineID,errorID
0,6,24,error1
1,6,73,error4
2,6,81,error1
3,7,43,error3
4,8,14,error4
5,8,76,error5
6,10,42,error2
7,12,72,error2
8,12,75,error1
9,12,97,error3
10,20,10,error1
11,20,87,error1
12,26,94,error1
13,27,30,error1
14,28,19,error2
15,30,68,error1
16,31,94,error5
17,32,60,error1
18,37,52,error3
19,38,95,error2
20,41,35,error1
21,50,59,error2
22,52,72,error1
23,54,20,error2
24,54,20,error3
25,54,37,error5
26,54,40,error4
27,55,1,error1
28,59,49,error2
29,64,14,error1
30,66,71,error3
31,68,1,error3
32,68,47,error3
33,69,27,error1
34,69,41,error3
35,73,100,error2
36,75,4,error3
37,76,9,error4
38,77,75,error1
39,78,1,error5
40,78,23,error2
41,78,23,error3
42,78,64,error5
43,78,69,error2
44,78,69,error3
45,78,84,error2
46,78,84,error3
47,81,37,error2
48,85,73,error3
49,90,65,error2
50,97,68,error1
51,97,87,error3
52,99,82,error2
53,101,8,error2
54,102,35,error5
55,106,96,error3
56,107,90,error2
57,109,31,error1
58,110,30,error4
59,110,96,error1
60,116,9,error3
61,116,27,error1
62,121,4,error1
63,121,88,error2
64,122,36,error3
65,123,29,error1
66,123,92,error1
67,124,10,error3
68,126,3,error2
69,126,3,error3
70,126,12,error1
71,126,12,error2
72,126,12,error3
73,126,25,error1
74,126,65,error4
75,126,75,error1
76,127,35,error4
77,136,64,error1
78,138,27,error4
79,139,18,error1
80,146,38,error4
81,150,94,error2
82,150,94,error3
83,151,8,error1
84,151,58,error3
85,158,92,error3
86,164,18,error5
87,169,75,error1
88,170,3,error1
89,173,58,error4
90,174,5,error2
91,174,5,error3
92,174,30,error5
93,183,31,error2
94,183,51,error5
95,183,79,error3
96,184,68,error4
97,197,78,error3
98,198,27,error2
99,198,27,error3
100,198,32,error1
101,202,29,error1
102,205,84,error4
103,213,64,error1
104,218,18,error5
105,220,13,error5
106,221,82,error4
107,222,48,error2
108,222,48,error3
109,222,71,error2
110,222,71,error3
111,223,53,error1
112,224,73,error2
113,225,75,error3
114,229,30,error2
115,231,1,error4
116,235,90,error1
117,239,36,error1
118,242,30,error1
119,244,66,error1
120,245,3,error1
121,246,28,error4
122,254,4,error3
123,259,3,error3
124,261,93,error4
125,266,59,error4
126,266,80,error4
127,270,19,error1
128,270,62,error1
129,272,78,error2
130,274,60,error3
131,278,2,error4
132,287,22,error1
133,289,22,error4
134,290,78,error2
135,294,37,error1
136,294,56,error4
137,295,61,error3
138,296,78,error4
139,302,49,error2
140,303,50,error3
141,306,4,error2
142,306,54,error5
143,309,13,error3
144,309,78,error2
145,311,15,error4
146,313,55,error5
147,316,58,error1
148,318,15,error3
149,318,54,error4
150,318,85,error2
151,318,85,error3
152,320,75,error4
153,321,69,error2
154,324,6,error2
155,328,34,error4
156,331,47,error1
157,333,4,error1
158,333,90,error1
159,335,71,error4
160,338,8,error1
161,342,17,error4
162,342,67,error2
163,342,67,error3
164,342,83,error5
165,342,85,error3
166,351,27,error4
167,351,74,error1
168,360,100,error4
169,361,36,error3
170,363,50,error2
171,366,4,error2
172,366,4,error3
173,366,16,error1
174,366,30,error2
175,366,38,error5
176,366,81,error2
177,366,81,error3
178,367,87,error3
179,368,60,error3
180,380,12,error3
181,387,65,error1
182,390,76,error4
183,390,98,error1
184,390,99,error5
185,392,48,error1
186,392,78,error1
187,398,68,error1
188,400,54,error4
189,401,72,error4
190,404,7,error1
191,409,22,error3
192,411,54,error4
193,414,10,error2
194,414,10,error3
195,414,20,error5
196,414,38,error3
197,414,52,error2
198,414,52,error3
199,414,52,error5
200,414,88,error5
201,416,53,error2
202,417,55,error3
203,424,30,error4
204,431,37,error3
205,436,63,error2
206,437,76,error1
207,438,11,error2
208,438,11,error3
209,438,15,error2
210,438,15,error3
211,438,15,error5
212,438,23,error5
213,438,64,error2
214,438,64,error3
215,438,69,error4
216,438,90,error2
217,438,90,error3
218,439,99,error2
219,441,59,error4
220,441,84,error1
221,443,57,error2
222,445,55,error1
223,448,20,error1
224,449,29,error1
225,450,81,error4
226,452,37,error1
227,453,22,error5
228,457,38,error2
229,457,45,error1
230,462,42,error1
231,462,97,error4
232,463,88,error5
233,468,51,error4
234,470,39,error3
235,476,97,error4
236,480,82,error2
237,481,36,error3
238,484,45,error2
239,486,45,error2
240,486,45,error3
241,487,7,error3
242,490,36,error1
243,491,66,error1
244,495,45,error1
245,501,54,error1
246,505,78,error1
247,509,10,error1
248,509,22,error1
249,510,21,error4
250,510,74,error1
251,510,86,error2
252,510,86,error3
253,514,1,error4
254,514,62,error4
255,526,60,error3
256,527,15,error1
257,527,47,error3
258,530,85,error2
259,533,42,error1
260,534,7,error2
261,534,7,error3
262,534,7,error5
263,534,47,error4
264,534,97,error4
265,534,97,error5
266,539,64,error2
267,541,88,error4
268,546,35,error1
269,551,19,error4
270,558,18,error1
271,558,19,error2
272,558,27,error1
273,559,60,error3
274,560,33,error5
275,560,97,error2
276,561,41,error1
277,565,64,error1
278,569,14,error4
279,569,67,error1
280,571,25,error4
281,572,29,error2
282,573,80,error5
283,575,81,error4
284,578,9,error1
285,582,71,error4
286,582,71,error5
287,590,43,error3
288,591,1,error4
289,596,95,error4
290,598,28,error4
291,598,53,error2
292,601,23,error2
293,609,13,error2
294,609,97,error4
295,612,6,error1
296,614,28,error1
297,616,76,error1
298,618,49,error2
299,620,29,error4
300,623,17,error2
301,628,1,error1
302,630,62,error5
303,630,63,error1
304,630,63,error2
305,630,63,error3
306,630,70,error1
307,630,82,error1
308,631,13,error1
309,633,44,error4
310,635,14,error4
311,635,82,error3
312,640,28,error3
313,640,71,error2
314,644,52,error4
315,645,87,error5
316,647,33,error3
317,648,25,error2
318,648,56,error3
319,649,99,error2
320,650,50,error3
321,651,22,error3
322,654,23,error5
323,659,89,error3
324,663,49,error2
325,665,3,error4
326,668,13,error1
327,671,95,error2
328,675,10,error4
329,678,18,error5
330,678,50,error1
331,678,60,error2
332,678,60,error3
333,678,85,error4
334,678,98,error4
335,679,90,error4
336,680,59,error4
337,683,30,error2
338,694,26,error1
339,698,88,error4
340,702,14,error2
341,702,14,error3
342,702,33,error1
343,702,33,error5
344,702,58,error4
345,705,50,error1
346,706,99,error2
347,708,83,error2
348,724,88,error2
349,726,41,error1
350,726,91,error2
351,726,91,error3
352,730,55,error2
353,739,5,error1
354,739,27,error3
355,739,49,error4
356,744,77,error1
357,744,90,error4
358,746,20,error2
359,749,65,error4
360,750,76,error1
361,750,99,error1
362,754,100,error1
363,755,49,error1
364,757,93,error1
365,758,59,error1
366,760,28,error1
367,765,48,error1
368,767,87,error1
369,774,20,error4
370,774,37,error4
371,774,88,error2
372,774,88,error3
373,778,51,error5
374,781,67,error1
375,781,75,error4
376,787,59,error1
377,791,98,error5
378,792,59,error1
379,792,88,error4
380,793,42,error4
381,795,40,error1
382,797,31,error2
383,798,8,error1
384,798,59,error5
385,798,69,error5
386,798,84,error1
387,798,84,error2
388,798,84,error3
389,809,64,error2
390,809,88,error4
391,814,6,error2
392,815,8,error4
393,815,20,error4
394,815,25,error2
395,816,17,error3
396,820,63,error4
397,820,78,error3
398,821,48,error2
399,822,35,error4
400,822,43,error1
401,822,73,error1
402,822,78,error5
403,824,92,error5
404,830,44,error1
405,833,22,error5
406,836,29,error1
407,838,20,error2
408,841,29,error5
409,846,3,error1
410,846,22,error4
411,846,75,error5
412,849,68,error3
413,854,95,error4
414,855,80,error1
415,861,82,error1
416,862,66,error1
417,865,40,error1
418,866,99,error1
419,870,57,error1
420,870,89,error1
421,874,2,error4
422,877,12,error2
423,880,49,error5
424,882,58,error2
425,884,32,error3
426,886,94,error4
427,894,7,error1
428,905,53,error2
429,909,84,error1
430,911,56,error3
431,915,45,error2
432,916,34,error3
433,918,32,error5
434,918,56,error2
435,919,85,error1
436,922,45,error2
437,922,66,error3
438,923,61,error1
439,932,70,error3
440,937,97,error3
441,938,16,error3
442,942,71,error1
443,942,92,error1
444,949,35,error2
445,951,59,error1
446,952,68,error3
447,953,63,error1
448,953,76,error1
449,953,80,error3
450,956,14,error2
451,960,10,error1
452,962,47,error4
453,962,48,error2
454,963,53,error4
455,965,86,error3
456,965,92,error2
457,966,69,error2
458,967,90,error1
459,980,13,error1
460,984,86,error3
461,986,15,error2
462,987,10,error1
463,989,97,error1
464,990,100,error1
465,991,52,error2
466,995,2,error1
467,996,57,error2
468,998,34,error2
469,999,78,error1
470,1001,42,error2
471,1001,63,error3
472,1002,29,error4
473,1003,44,error3
474,1006,73,error3
475,1011,39,error3
476,1011,45,error4
477,1017,67,error3
478,1019,83,error1
479,1023,4,error2
480,1024,93,error3
481,1029,100,error1
482,1031,10,error5
483,1032,16,error1
484,1033,17,error2
485,1038,85,error5
486,1038,98,error1
487,1041,18,error4
488,1042,10,error3
489,1042,13,error4
490,1042,30,error1
491,1045,50,error2
492,1050,54,error3
493,1050,90,error1
494,1056,15,error1
495,1056,78,error5
496,1061,13,error2
497,1062,17,error2
498,1062,17,error3
499,1069,41,error2
500,1075,67,error5
501,1080,73,error5
502,1081,11,error4
503,1081,23,error5
504,1082,85,error2
505,1082,85,error1
506,1083,72,error3
507,1083,77,error2
508,1086,4,error1
509,1086,24,error1
510,1086,49,error2
511,1086,73,error5
512,1086,81,error1
513,1088,27,error1
514,1091,79,error1
515,1092,58,error1
516,1092,78,error4
517,1093,52,error1
518,1093,63,error5
519,1104,53,error2
520,1106,51,error4
521,1107,73,error2
522,1110,96,error4
523,1110,99,error2
524,1110,99,error3
525,1111,25,error1
526,1112,21,error2
527,1113,87,error4
528,1117,94,error1
529,1118,18,error1
530,1121,8,error3
531,1122,27,error4
532,1123,60,error4
533,1124,49,error2
534,1126,40,error3
535,1127,20,error1
536,1127,32,error2
537,1132,17,error2
538,1133,96,error5
539,1134,30,error1
540,1134,40,error1
541,1134,66,error1
542,1140,81,error4
543,1143,52,error5
544,1144,41,error3
545,1144,59,error1
546,1148,20,error3
547,1152,91,error2
548,1158,11,error4
549,1158,64,error5
550,1158,84,error1
551,1158,90,error2
552,1158,90,error3
553,1158,92,error4
554,1158,95,error5
555,1171,39,error3
556,1172,9,error2
557,1172,84,error2
558,1173,14,error5
559,1182,26,error1
560,1182,43,error5
561,1182,78,error2
562,1182,78,error3
563,1184,36,error1
564,1185,22,error1
565,1185,24,error3
566,1188,64,error1
567,1193,14,error5
568,1198,49,error1
569,1198,62,error1
570,1205,67,error3
571,1206,36,error1
572,1206,45,error5
573,1214,60,error2
574,1218,63,error2
575,1221,91,error4
576,1222,41,error4
577,1223,8,error3
578,1230,46,error2
579,1230,46,error3
580,1230,94,error5
581,1234,38,error2
582,1237,80,error3
583,1239,60,error3
584,1240,98,error3
585,1244,62,error3
586,1246,36,error5
587,1251,59,error3
588,1253,16,error1
589,1254,5,error1
590,1256,46,error1
591,1258,94,error2
592,1261,46,error2
593,1269,39,error2
594,1278,3,error4
595,1278,27,error2
596,1278,27,error3
597,1279,78,error3
598,1285,45,error5
599,1286,20,error3
600,1290,82,error5
601,1291,76,error3
602,1298,20,error4
603,1302,71,error2
604,1302,71,error3
605,1310,5,error3
606,1311,87,error4
607,1318,52,error1
608,1319,40,error2
609,1319,53,error5
610,1319,64,error2
611,1321,58,error1
612,1325,72,error1
613,1327,72,error3
614,1332,59,error1
615,1332,70,error3
616,1337,77,error4
617,1337,82,error2
618,1338,44,error1
619,1338,87,error4
620,1340,13,error3
621,1341,75,error2
622,1342,96,error3
623,1342,99,error1
624,1349,32,error4
625,1350,19,error5
626,1350,61,error2
627,1350,61,error3
628,1357,40,error1
629,1367,11,error4
630,1368,56,error1
631,1369,26,error4
632,1369,63,error3
633,1372,33,error1
634,1377,4,error1
635,1377,25,error4
636,1384,16,error3
637,1385,73,error2
638,1386,73,error5
639,1390,68,error3
640,1398,49,error5
641,1398,98,error5
642,1400,65,error2
643,1406,45,error3
644,1408,98,error4
645,1411,69,error3
646,1412,85,error5
647,1417,51,error1
648,1417,53,error3
649,1418,40,error1
650,1419,53,error3
651,1422,14,error1
652,1422,51,error5
653,1424,69,error4
654,1425,34,error3
655,1428,44,error2
656,1429,19,error4
657,1432,68,error4
658,1433,70,error5
659,1436,64,error1
660,1437,74,error2
661,1439,64,error1
662,1440,81,error1
663,1442,52,error3
664,1446,16,error4
665,1446,29,error1
666,1446,79,error2
667,1446,79,error3
668,1446,81,error2
669,1446,81,error3
670,1450,43,error2
671,1451,3,error4
672,1453,27,error2
673,1456,86,error1
674,1470,9,error1
675,1470,76,error2
676,1470,76,error3
677,1470,99,error4
678,1477,40,error2
679,1481,73,error1
680,1484,38,error4
681,1484,95,error4
682,1486,1,error2
683,1488,10,error2
684,1492,52,error1
685,1494,25,error1
686,1494,88,error2
687,1494,88,error3
688,1497,63,error1
689,1498,40,error2
690,1503,17,error1
691,1504,55,error3
692,1509,32,error5
693,1515,41,error1
694,1515,63,error4
695,1518,1,error1
696,1523,71,error1
697,1527,10,error3
698,1527,42,error1
699,1528,75,error2
700,1531,43,error4
701,1533,39,error2
702,1533,57,error4
703,1534,98,error4
704,1538,28,error2
705,1542,8,error2
706,1542,8,error3
707,1542,55,error5
708,1542,78,error1
709,1542,82,error5
710,1543,99,error2
711,1544,17,error4
712,1545,53,error5
713,1546,70,error2
714,1550,44,error4
715,1550,77,error2
716,1551,79,error3
717,1553,49,error5
718,1556,97,error4
719,1559,66,error3
720,1561,92,error1
721,1564,57,error2
722,1569,14,error1
723,1570,18,error2
724,1575,87,error1
725,1577,14,error2
726,1579,51,error2
727,1580,92,error3
728,1587,49,error5
729,1589,96,error2
730,1590,74,error2
731,1590,74,error3
732,1590,94,error4
733,1593,51,error3
734,1596,67,error3
735,1596,74,error3
736,1599,71,error1
737,1599,100,error1
738,1604,87,error4
739,1607,82,error3
740,1610,41,error2
741,1613,28,error4
742,1615,46,error3
743,1618,5,error2
744,1618,78,error5
745,1619,9,error1
746,1622,54,error4
747,1625,83,error1
748,1626,7,error4
749,1627,81,error1
750,1633,16,error3
751,1635,95,error2
752,1636,42,error2
753,1638,32,error1
754,1640,99,error1
755,1650,13,error3
756,1650,17,error3
757,1650,18,error4
758,1650,55,error1
759,1651,16,error5
760,1654,7,error2
761,1662,48,error1
762,1662,71,error4
763,1663,68,error1
764,1665,43,error3
765,1667,65,error2
766,1670,42,error3
767,1671,96,error1
768,1674,92,error4
769,1675,57,error3
770,1678,2,error2
771,1678,47,error1
772,1679,64,error3
773,1682,38,error4
774,1686,87,error4
775,1694,93,error1
776,1698,54,error2
777,1700,63,error2
778,1707,87,error3
779,1710,63,error5
780,1714,33,error5
781,1714,35,error1
782,1715,43,error3
783,1716,42,error1
784,1719,97,error3
785,1721,16,error5
786,1732,39,error3
787,1734,56,error4
788,1735,87,error3
789,1742,62,error1
790,1743,12,error2
791,1743,80,error3
792,1745,60,error1
793,1747,49,error3
794,1752,61,error3
795,1752,69,error3
796,1757,85,error3
797,1758,44,error2
798,1758,44,error3
799,1758,49,error4
800,1760,74,error3
801,1760,84,error2
802,1764,19,error4
803,1771,66,error4
804,1772,47,error4
805,1777,66,error3
806,1780,95,error1
807,1782,17,error4
808,1782,28,error2
809,1782,28,error3
810,1782,65,error1
811,1782,67,error2
812,1782,67,error3
813,1782,83,error5
814,1782,93,error5
815,1783,92,error3
816,1787,29,error3
817,1788,28,error2
818,1788,80,error4
819,1791,21,error2
820,1792,71,error4
821,1794,14,error2
822,1795,95,error1
823,1799,37,error1
824,1800,73,error3
825,1801,53,error3
826,1804,95,error3
827,1806,79,error5
828,1807,14,error2
829,1808,29,error4
830,1809,26,error2
831,1810,46,error2
832,1815,56,error2
833,1817,25,error3
834,1829,88,error4
835,1830,2,error1
836,1830,2,error2
837,1830,2,error3
838,1830,76,error1
839,1830,99,error5
840,1835,10,error1
841,1841,49,error3
842,1842,43,error2
843,1843,30,error4
844,1846,5,error1
845,1851,51,error4
846,1851,52,error1
847,1851,69,error1
848,1852,74,error5
849,1853,4,error2
850,1854,20,error2
851,1854,20,error3
852,1854,82,error1
853,1856,51,error2
854,1859,51,error2
855,1859,60,error2
856,1866,62,error4
857,1868,52,error4
858,1873,58,error1
859,1878,23,error1
860,1878,23,error5
861,1878,90,error4
862,1878,95,error1
863,1878,95,error2
864,1878,95,error3
865,1879,11,error3
866,1884,80,error1
867,1886,36,error1
868,1886,52,error2
869,1888,13,error3
870,1890,1,error1
871,1899,47,error3
872,1901,7,error3
873,1902,8,error5
874,1902,35,error5
875,1902,43,error2
876,1902,43,error3
877,1909,75,error3
878,1910,10,error4
879,1910,95,error1
880,1911,5,error4
881,1911,61,error1
882,1912,3,error3
883,1912,5,error2
884,1919,15,error1
885,1921,82,error4
886,1923,60,error1
887,1923,65,error4
888,1924,73,error5
889,1926,12,error2
890,1926,12,error3
891,1926,17,error1
892,1926,22,error2
893,1926,22,error3
894,1926,22,error5
895,1926,31,error4
896,1928,9,error3
897,1932,30,error4
898,1932,38,error5
899,1942,4,error1
900,1942,22,error4
901,1942,53,error1
902,1945,65,error4
903,1945,73,error1
904,1947,19,error1
905,1950,72,error1
906,1950,89,error5
907,1951,27,error2
908,1957,92,error1
909,1960,76,error1
910,1965,25,error1
911,1970,82,error2
912,1971,79,error3
913,1972,90,error1
914,1973,39,error2
915,1974,30,error5
916,1974,47,error1
917,1984,30,error2
918,1988,15,error1
919,1988,49,error1
920,1993,85,error2
921,1997,18,error4
922,1998,18,error1
923,1999,54,error4
924,2000,18,error2
925,2003,91,error2
926,2004,16,error2
927,2005,82,error1
928,2014,49,error1
929,2017,1,error2
930,2019,2,error2
931,2022,71,error1
932,2024,10,error1
933,2024,98,error3
934,2032,8,error2
935,2032,29,error1
936,2036,48,error3
937,2039,64,error3
938,2039,93,error4
939,2042,32,error2
940,2043,91,error3
941,2043,92,error2
942,2045,35,error4
943,2046,87,error1
944,2048,29,error4
945,2056,70,error3
946,2057,2,error3
947,2058,38,error4
948,2062,7,error2
949,2062,17,error2
950,2067,63,error1
951,2070,53,error1
952,2070,82,error1
953,2071,26,error1
954,2071,32,error2
955,2078,94,error4
956,2079,22,error3
957,2079,78,error1
958,2083,62,error3
959,2084,45,error4
960,2087,15,error2
961,2087,29,error4
962,2087,78,error3
963,2089,55,error4
964,2092,39,error4
965,2095,59,error1
966,2097,97,error1
967,2101,69,error4
968,2102,98,error1
969,2106,65,error4
970,2107,45,error2
971,2108,6,error4
972,2118,18,error1
973,2118,54,error4
974,2119,28,error4
975,2122,47,error4
976,2127,50,error2
977,2130,63,error3
978,2139,98,error1
979,2140,74,error1
980,2142,17,error2
981,2142,17,error3
982,2142,17,error5
983,2142,33,error5
984,2142,39,error2
985,2142,39,error3
986,2142,51,error2
987,2142,51,error3
988,2142,93,error2
989,2142,93,error3
990,2143,28,error2
991,2144,60,error5
992,2145,65,error4
993,2148,68,error1
994,2149,96,error1
995,2152,51,error4
996,2152,57,error1
997,2159,1,error1
998,2165,9,error4
999,2166,4,error2
1000,2166,4,error3
1001,2166,16,error1
1002,2166,24,error5
1003,2166,38,error2
1004,2166,38,error3
1005,2166,68,error2
1006,2166,68,error3
1007,2166,73,error1
1008,2166,79,error1
1009,2166,91,error1
1010,2173,22,error3
1011,2177,92,error1
1012,2184,37,error4
1013,2190,76,error4
1014,2190,99,error2
1015,2190,99,error3
1016,2191,18,error3
1017,2191,68,error1
1018,2191,80,error4
1019,2194,57,error1
1020,2197,34,error3
1021,2201,98,error5
1022,2213,12,error3
1023,2213,44,error1
1024,2214,10,error2
1025,2214,10,error3
1026,2214,20,error4
1027,2214,40,error1
1028,2214,88,error2
1029,2214,88,error3
1030,2218,41,error3
1031,2220,60,error1
1032,2222,38,error4
1033,2223,44,error1
1034,2223,96,error3
1035,2224,37,error3
1036,2238,23,error1
1037,2238,59,error5
1038,2238,64,error2
1039,2238,64,error3
1040,2238,84,error2
1041,2238,84,error3
1042,2238,90,error1
1043,2239,78,error3
1044,2241,68,error2
1045,2241,69,error2
1046,2242,19,error2
1047,2249,29,error3
1048,2252,51,error1
1049,2256,12,error4
1050,2260,57,error4
1051,2262,26,error1
1052,2262,35,error4
1053,2262,42,error4
1054,2263,31,error2
1055,2263,32,error4
1056,2263,59,error3
1057,2267,44,error4
1058,2273,75,error1
1059,2275,75,error3
1060,2277,6,error1
1061,2282,5,error5
1062,2285,10,error2
1063,2286,22,error4
1064,2286,23,error5
1065,2286,44,error4
1066,2286,75,error1
1067,2287,8,error2
1068,2290,15,error5
1069,2294,4,error1
1070,2296,3,error2
1071,2296,60,error2
1072,2297,34,error1
1073,2303,13,error2
1074,2305,27,error5
1075,2307,86,error4
1076,2310,21,error5
1077,2319,80,error1
1078,2328,89,error3
1079,2330,11,error1
1080,2334,5,error1
1081,2334,47,error2
1082,2334,47,error3
1083,2336,21,error1
1084,2340,23,error2
1085,2340,39,error4
1086,2349,43,error2
1087,2351,67,error2
1088,2353,54,error2
1089,2354,84,error1
1090,2357,55,error1
1091,2358,32,error5
1092,2358,83,error1
1093,2358,88,error2
1094,2360,92,error3
1095,2361,3,error3
1096,2361,97,error1
1097,2368,29,error1
1098,2371,20,error4
1099,2371,40,error4
1100,2372,23,error1
1101,2375,81,error1
1102,2376,42,error4
1103,2382,13,error4
1104,2382,13,error5
1105,2388,9,error5
1106,2388,29,error2
1107,2389,84,error4
1108,2393,12,error2
1109,2394,16,error1
1110,2397,88,error2
1111,2420,42,error2
1112,2423,94,error3
1113,2425,28,error1
1114,2426,40,error1
1115,2430,19,error5
1116,2432,7,error1
1117,2436,11,error3
1118,2436,20,error1
1119,2437,15,error4
1120,2440,18,error4
1121,2440,80,error3
1122,2444,30,error3
1123,2451,66,error3
1124,2454,56,error1
1125,2455,35,error2
1126,2462,95,error5
1127,2462,96,error4
1128,2465,78,error3
1129,2466,13,error4
1130,2467,82,error1
1131,2468,84,error2
1132,2470,38,error5
1133,2471,73,error4
1134,2472,10,error3
1135,2474,28,error1
1136,2478,49,error5
1137,2478,60,error2
1138,2478,60,error3
1139,2478,98,error4
1140,2481,10,error1
1141,2481,20,error2
1142,2483,66,error2
1143,2484,35,error4
1144,2486,53,error2
1145,2491,54,error4
1146,2491,56,error1
1147,2494,33,error3
1148,2495,26,error1
1149,2495,61,error1
1150,2498,11,error1
1151,2498,76,error1
1152,2499,40,error2
1153,2502,34,error1
1154,2502,93,error1
1155,2503,53,error4
1156,2505,73,error4
1157,2509,56,error4
1158,2515,33,error1
1159,2519,92,error1
1160,2524,25,error2
1161,2526,24,error4
1162,2526,38,error5
1163,2526,73,error5
1164,2526,81,error2
1165,2526,81,error3
1166,2527,91,error3
1167,2530,63,error3
1168,2531,78,error2
1169,2532,17,error1
1170,2533,25,error2
1171,2534,41,error1
1172,2537,41,error2
1173,2547,29,error4
1174,2547,68,error1
1175,2548,14,error2
1176,2550,2,error2
1177,2550,2,error3
1178,2550,99,error4
1179,2551,78,error2
1180,2560,99,error3
1181,2561,78,error2
1182,2570,99,error3
1183,2572,19,error1
1184,2574,20,error5
1185,2574,37,error5
1186,2575,43,error1
1187,2575,44,error4
1188,2576,51,error1
1189,2580,39,error3
1190,2598,1,error2
1191,2598,1,error3
1192,2598,11,error2
1193,2598,11,error3
1194,2598,11,error4
1195,2598,69,error5
1196,2598,92,error1
1197,2598,92,error2
1198,2598,92,error3
1199,2598,95,error4
1200,2603,88,error4
1201,2604,93,error3
1202,2608,66,error3
1203,2612,52,error3
1204,2612,97,error4
1205,2614,83,error3
1206,2615,54,error1
1207,2617,14,error5
1208,2618,96,error4
1209,2622,8,error2
1210,2622,8,error3
1211,2622,42,error2
1212,2622,55,error2
1213,2622,55,error3
1214,2627,99,error2
1215,2628,70,error3
1216,2628,90,error1
1217,2629,26,error3
1218,2633,54,error3
1219,2637,98,error2
1220,2643,40,error4
1221,2643,72,error1
1222,2646,22,error2
1223,2646,22,error3
1224,2646,59,error2
1225,2647,84,error1
1226,2648,37,error3
1227,2655,61,error3
1228,2655,77,error2
1229,2659,36,error1
1230,2660,36,error2
1231,2661,78,error1
1232,2667,16,error3
1233,2674,16,error1
1234,2676,73,error2
1235,2679,24,error2
1236,2686,22,error1
1237,2690,15,error2
1238,2692,80,error3
1239,2692,88,error1
1240,2694,7,error1
1241,2695,77,error5
1242,2697,7,error4
1243,2697,89,error2
1244,2698,27,error1
1245,2698,57,error3
1246,2702,82,error2
1247,2703,69,error1
1248,2703,95,error4
1249,2704,6,error3
1250,2706,53,error1
1251,2712,65,error1
1252,2712,82,error4
1253,2714,50,error4
1254,2720,81,error1
1255,2725,86,error3
1256,2726,96,error4
1257,2728,70,error5
1258,2733,81,error2
1259,2742,71,error2
1260,2742,71,error3
1261,2746,53,error3
1262,2752,6,error1
1263,2752,26,error3
1264,2754,47,error4
1265,2755,12,error3
1266,2758,29,error2
1267,2760,30,error3
1268,2761,45,error3
1269,2761,61,error1
1270,2762,72,error3
1271,2764,68,error1
1272,2765,12,error4
1273,2766,87,error2
1274,2766,87,error3
1275,2774,87,error4
1276,2776,78,error3
1277,2778,21,error1
1278,2779,3,error2
1279,2779,36,error2
1280,2781,79,error1
1281,2788,100,error4
1282,2789,34,error1
1283,2793,79,error3
1284,2799,69,error2
1285,2803,37,error1
1286,2803,50,error5
1287,2806,22,error2
1288,2806,100,error5
1289,2808,22,error3
1290,2810,25,error1
1291,2813,57,error3
1292,2814,20,error3
1293,2814,56,error2
1294,2814,56,error3
1295,2816,16,error4
1296,2822,16,error1
1297,2825,64,error5
1298,2835,72,error3
1299,2835,94,error1
1300,2836,9,error1
1301,2838,50,error2
1302,2838,50,error3
1303,2838,54,error2
1304,2838,54,error3
1305,2838,98,error2
1306,2838,98,error3
1307,2838,98,error5
1308,2842,99,error4
1309,2843,17,error4
1310,2850,78,error5
1311,2851,1,error4
1312,2861,61,error5
1313,2862,28,error1
1314,2862,33,error2
1315,2862,33,error3
1316,2862,58,error4
1317,2862,68,error3
1318,2862,93,error2
1319,2862,93,error3
1320,2871,26,error3
1321,2872,32,error3
1322,2878,8,error2
1323,2879,27,error3
1324,2880,74,error1
1325,2883,96,error5
1326,2885,89,error2
1327,2886,41,error1
1328,2886,73,error4
1329,2889,66,error1
1330,2893,38,error2
1331,2893,99,error1
1332,2896,73,error4
1333,2897,23,error5
1334,2902,6,error2
1335,2902,79,error1
1336,2909,41,error4
1337,2910,76,error2
1338,2910,76,error3
1339,2910,96,error4
1340,2910,99,error2
1341,2910,99,error3
1342,2913,80,error1
1343,2915,57,error2
1344,2916,59,error3
1345,2918,99,error2
1346,2920,83,error2
1347,2928,97,error1
1348,2929,55,error2
1349,2934,25,error5
1350,2934,66,error2
1351,2945,4,error2
1352,2950,96,error3
1353,2951,29,error3
1354,2954,26,error1
1355,2954,50,error1
1356,2955,12,error2
1357,2958,64,error5
1358,2958,95,error1
1359,2970,29,error1
1360,2974,37,error2
1361,2974,53,error1
1362,2975,1,error2
1363,2976,20,error4
1364,2982,35,error5
1365,2982,42,error1
1366,2985,13,error4
1367,2986,60,error4
1368,2987,81,error4
1369,2988,25,error1
1370,2988,75,error2
1371,2990,53,error4
1372,2990,81,error1
1373,2991,42,error4
1374,2992,85,error3
1375,2996,35,error4
1376,2996,70,error1
1377,2997,26,error3
1378,2997,79,error4
1379,2999,71,error3
1380,3000,97,error1
1381,3006,75,error5
1382,3019,3,error4
1383,3022,88,error3
1384,3024,64,error1
1385,3030,21,error1
1386,3030,74,error2
1387,3030,74,error3
1388,3030,94,error4
1389,3032,2,error2
1390,3034,96,error1
1391,3045,81,error3
1392,3046,20,error4
1393,3049,24,error1
1394,3050,48,error1
1395,3054,7,error5
1396,3054,97,error5
1397,3055,27,error3
1398,3056,8,error1
1399,3060,91,error4
1400,3062,46,error1
1401,3063,5,error1
1402,3076,24,error2
1403,3077,74,error1
1404,3078,32,error2
1405,3078,32,error3
1406,3084,38,error3
1407,3086,66,error2
1408,3090,68,error5
1409,3092,81,error5
1410,3093,63,error5
1411,3095,62,error3
1412,3097,15,error1
1413,3097,41,error1
1414,3098,23,error1
1415,3102,48,error2
1416,3102,48,error3
1417,3109,43,error4
1418,3114,92,error2
1419,3118,11,error4
1420,3118,60,error1
1421,3119,28,error1
1422,3119,57,error2
1423,3120,86,error1
1424,3125,14,error3
1425,3126,67,error3
1426,3129,79,error3
1427,3134,34,error2
1428,3137,45,error2
1429,3145,19,error2
1430,3146,99,error3
1431,3148,14,error3
1432,3148,67,error3
1433,3150,53,error2
1434,3150,53,error3
1435,3150,63,error5
1436,3150,82,error1
1437,3152,72,error2
1438,3153,1,error1
1439,3157,46,error2
1440,3160,40,error3
1441,3165,95,error3
1442,3167,18,error5
1443,3170,80,error4
1444,3170,91,error4
1445,3171,61,error2
1446,3173,21,error4
1447,3176,42,error3
1448,3178,2,error1
1449,3178,75,error4
1450,3179,7,error2
1451,3183,26,error2
1452,3195,91,error3
1453,3196,54,error1
1454,3198,18,error5
1455,3198,49,error2
1456,3198,49,error3
1457,3198,98,error1
1458,3201,40,error3
1459,3201,63,error1
1460,3202,12,error1
1461,3202,54,error3
1462,3204,80,error4
1463,3207,39,error4
1464,3207,80,error2
1465,3208,77,error4
1466,3212,51,error4
1467,3213,68,error4
1468,3222,17,error1
1469,3222,58,error1
1470,3222,83,error5
1471,3222,93,error5
1472,3223,93,error2
1473,3225,65,error2
1474,3229,18,error2
1475,3234,18,error3
1476,3234,72,error2
1477,3242,20,error1
1478,3242,49,error5
1479,3243,83,error3
1480,3246,16,error4
1481,3246,73,error1
1482,3246,79,error5
1483,3247,60,error1
1484,3249,77,error2
1485,3263,100,error2
1486,3264,5,error1
1487,3266,99,error1
1488,3268,79,error2
1489,3270,65,error4
1490,3270,99,error1
1491,3273,59,error2
1492,3274,24,error4
1493,3277,100,error2
1494,3278,22,error5
1495,3280,26,error1
1496,3288,82,error4
1497,3294,10,error2
1498,3294,10,error3
1499,3294,37,error4
1500,3294,66,error1
1501,3294,66,error2
1502,3294,66,error3
1503,3301,43,error2
1504,3312,91,error2
1505,3313,35,error2
1506,3318,59,error5
1507,3318,69,error2
1508,3318,69,error3
1509,3318,90,error2
1510,3318,90,error3
1511,3318,92,error4
1512,3318,96,error2
1513,3325,65,error3
1514,3326,17,error4
1515,3326,81,error1
1516,3327,18,error2
1517,3329,83,error2
1518,3331,81,error1
1519,3336,65,error3
1520,3338,63,error2
1521,3339,66,error1
1522,3340,29,error1
1523,3341,88,error3
1524,3342,35,error1
1525,3342,43,error2
1526,3342,43,error3
1527,3343,45,error2
1528,3346,32,error2
1529,3349,71,error3
1530,3351,82,error1
1531,3355,95,error4
1532,3357,59,error4
1533,3359,41,error1
1534,3360,38,error3
1535,3366,22,error1
1536,3366,22,error4
1537,3366,31,error1
1538,3366,45,error5
1539,3367,1,error4
1540,3374,16,error1
1541,3382,58,error3
1542,3383,47,error1
1543,3384,90,error1
1544,3386,100,error3
1545,3390,25,error4
1546,3390,89,error5
1547,3390,94,error5
1548,3395,94,error4
1549,3397,60,error4
1550,3398,94,error5
1551,3407,56,error2
1552,3410,81,error2
1553,3414,7,error2
1554,3414,7,error3
1555,3415,32,error2
1556,3416,72,error3
1557,3420,33,error1
1558,3420,51,error3
1559,3420,96,error2
1560,3423,38,error2
1561,3432,56,error1
1562,3434,1,error3
1563,3435,68,error2
1564,3436,76,error1
1565,3438,50,error1
1566,3438,67,error3
1567,3440,6,error5
1568,3441,93,error4
1569,3443,45,error1
1570,3444,72,error1
1571,3446,18,error4
1572,3447,3,error2
1573,3447,96,error2
1574,3448,17,error3
1575,3448,68,error2
1576,3450,28,error5
1577,3450,29,error2
1578,3460,75,error3
1579,3461,1,error1
1580,3463,63,error4
1581,3464,83,error5
1582,3469,47,error1
1583,3470,31,error4
1584,3470,64,error2
1585,3478,63,error3
1586,3479,11,error1
1587,3481,60,error2
1588,3484,20,error1
1589,3494,74,error4
1590,3499,41,error2
1591,3508,92,error2
1592,3509,74,error3
1593,3510,62,error5
1594,3510,63,error2
1595,3510,63,error3
1596,3510,70,error2
1597,3510,70,error3
1598,3519,89,error3
1599,3520,58,error3
1600,3529,8,error2
1601,3536,97,error4
1602,3541,78,error2
1603,3545,16,error2
1604,3546,57,error2
1605,3549,78,error4
1606,3553,74,error2
1607,3558,70,error3
1608,3558,85,error4
1609,3558,98,error4
1610,3564,12,error2
1611,3574,30,error1
1612,3580,15,error4
1613,3582,33,error2
1614,3582,33,error3
1615,3582,51,error2
1616,3582,51,error3
1617,3582,58,error2
1618,3582,58,error3
1619,3582,65,error1
1620,3582,67,error5
1621,3582,83,error2
1622,3582,83,error3
1623,3583,86,error1
1624,3592,85,error1
1625,3594,66,error3
1626,3596,2,error5
1627,3598,92,error4
1628,3600,76,error2
1629,3602,69,error2
1630,3603,10,error1
1631,3603,76,error1
1632,3605,14,error5
1633,3606,16,error2
1634,3606,16,error3
1635,3614,58,error1
1636,3617,85,error3
1637,3622,83,error5
1638,3624,32,error4
1639,3625,6,error2
1640,3627,35,error1
1641,3628,20,error3
1642,3630,99,error5
1643,3637,60,error2
1644,3640,89,error3
1645,3645,15,error1
1646,3646,5,error1
1647,3648,15,error2
1648,3653,48,error5
1649,3654,10,error1
1650,3654,25,error1
1651,3654,25,error2
1652,3654,25,error3
1653,3654,37,error5
1654,3654,40,error4
1655,3657,93,error3
1656,3658,70,error1
1657,3661,92,error1
1658,3664,72,error1
1659,3667,37,error3
1660,3668,14,error4
1661,3670,31,error1
1662,3672,66,error1
1663,3673,73,error1
1664,3673,78,error2
1665,3676,37,error2
1666,3677,66,error1
1667,3678,15,error1
1668,3678,23,error4
1669,3678,90,error4
1670,3678,95,error4
1671,3679,6,error2
1672,3691,31,error5
1673,3692,67,error2
1674,3698,37,error1
1675,3699,87,error1
1676,3700,67,error3
1677,3702,42,error2
1678,3702,42,error3
1679,3702,43,error1
1680,3702,55,error5
1681,3702,78,error5
1682,3702,84,error2
1683,3704,91,error2
1684,3706,36,error3
1685,3710,25,error2
1686,3710,28,error3
1687,3711,20,error5
1688,3718,96,error5
1689,3719,55,error3
1690,3721,5,error4
1691,3721,59,error2
1692,3722,92,error2
1693,3722,94,error3
1694,3723,99,error1
1695,3726,36,error1
1696,3726,75,error2
1697,3726,75,error3
1698,3731,9,error2
1699,3733,48,error3
1700,3738,98,error2
1701,3740,77,error1
1702,3745,73,error1
1703,3746,96,error5
1704,3749,85,error4
1705,3750,18,error1
1706,3751,49,error3
1707,3756,95,error4
1708,3764,25,error1
1709,3766,38,error4
1710,3769,79,error3
1711,3772,60,error4
1712,3780,50,error3
1713,3785,71,error4
1714,3788,93,error3
1715,3800,11,error3
1716,3800,57,error2
1717,3802,35,error2
1718,3810,53,error5
1719,3817,35,error1
1720,3820,84,error5
1721,3822,1,error3
1722,3822,13,error4
1723,3822,71,error5
1724,3825,88,error2
1725,3828,8,error3
1726,3836,28,error2
1727,3841,60,error2
1728,3848,17,error1
1729,3849,25,error3
1730,3861,3,error4
1731,3865,48,error1
1732,3866,33,error3
1733,3868,78,error5
1734,3870,15,error4
1735,3870,36,error2
1736,3871,48,error1
1737,3874,45,error1
1738,3874,90,error1
1739,3881,68,error3
1740,3881,79,error4
1741,3883,24,error4
1742,3883,56,error3
1743,3884,64,error3
1744,3886,25,error3
1745,3887,41,error2
1746,3890,84,error3
1747,3890,84,error1
1748,3894,56,error4
1749,3900,10,error4
1750,3903,89,error2
1751,3904,28,error3
1752,3904,29,error2
1753,3906,5,error3
1754,3915,30,error2
1755,3918,44,error1
1756,3918,98,error2
1757,3918,98,error3
1758,3919,41,error3
1759,3922,12,error3
1760,3925,84,error4
1761,3925,87,error4
1762,3927,99,error3
1763,3929,80,error1
1764,3932,44,error1
1765,3933,74,error1
1766,3935,57,error2
1767,3938,90,error2
1768,3942,17,error4
1769,3942,28,error2
1770,3942,28,error3
1771,3942,33,error5
1772,3942,67,error1
1773,3945,92,error4
1774,3948,33,error1
1775,3949,9,error4
1776,3955,72,error1
1777,3959,52,error5
1778,3960,64,error2
1779,3965,69,error2
1780,3966,16,error1
1781,3966,79,error2
1782,3966,79,error3
1783,3966,81,error2
1784,3966,81,error3
1785,3966,91,error1
1786,3966,97,error1
1787,3968,63,error1
1788,3975,52,error1
1789,3976,54,error1
1790,3982,43,error3
1791,3987,53,error1
1792,3990,9,error2
1793,3990,9,error3
1794,3990,10,error1
1795,3992,11,error1
1796,3992,63,error4
1797,3992,87,error1
1798,3994,66,error2
1799,4002,69,error1
1800,4008,46,error1
1801,4010,11,error2
1802,4014,10,error2
1803,4014,10,error3
1804,4014,37,error1
1805,4014,40,error2
1806,4014,40,error3
1807,4015,86,error4
1808,4018,87,error2
1809,4019,15,error2
1810,4019,89,error4
1811,4026,87,error3
1812,4026,96,error3
1813,4031,9,error4
1814,4033,49,error4
1815,4034,65,error3
1816,4035,19,error4
1817,4036,49,error4
1818,4037,28,error3
1819,4038,1,error5
1820,4038,15,error2
1821,4041,60,error1
1822,4046,2,error5
1823,4048,99,error2
1824,4049,18,error2
1825,4050,21,error2
1826,4051,23,error4
1827,4054,37,error4
1828,4057,57,error4
1829,4061,53,error1
1830,4062,42,error4
1831,4062,55,error1
1832,4062,82,error3
1833,4064,14,error2
1834,4069,9,error1
1835,4070,54,error1
1836,4075,18,error1
1837,4082,52,error3
1838,4085,34,error4
1839,4086,22,error5
1840,4086,36,error2
1841,4086,36,error3
1842,4086,38,error4
1843,4086,92,error1
1844,4086,98,error2
1845,4088,26,error1
1846,4093,45,error2
1847,4105,85,error4
1848,4106,27,error3
1849,4106,70,error3
1850,4110,74,error2
1851,4110,74,error3
1852,4110,89,error1
1853,4111,71,error1
1854,4113,54,error3
1855,4113,97,error1
1856,4114,27,error1
1857,4117,11,error4
1858,4124,52,error1
1859,4126,22,error3
1860,4128,9,error4
1861,4134,5,error2
1862,4134,5,error3
1863,4134,47,error4
1864,4138,15,error1
1865,4139,16,error3
1866,4140,41,error2
1867,4140,72,error1
1868,4141,68,error1
1869,4145,30,error3
1870,4146,73,error1
1871,4147,92,error4
1872,4148,34,error5
1873,4148,81,error4
1874,4150,66,error4
1875,4158,32,error2
1876,4158,32,error3
1877,4158,32,error5
1878,4160,4,error2
1879,4161,21,error1
1880,4162,1,error3
1881,4164,5,error3
1882,4170,63,error3
1883,4182,13,error5
1884,4182,71,error4
1885,4183,95,error4
1886,4184,7,error3
1887,4184,75,error1
1888,4186,15,error1
1889,4188,34,error1
1890,4190,88,error2
1891,4202,14,error1
1892,4203,42,error2
1893,4205,26,error4
1894,4206,87,error4
1895,4207,87,error2
1896,4210,70,error4
1897,4212,53,error5
1898,4223,60,error2
1899,4223,78,error3
1900,4228,25,error4
1901,4230,19,error5
1902,4230,62,error2
1903,4230,62,error3
1904,4236,86,error4
1905,4239,68,error4
1906,4240,74,error2
1907,4241,14,error2
1908,4243,21,error2
1909,4245,91,error4
1910,4249,46,error5
1911,4251,91,error1
1912,4255,3,error1
1913,4261,52,error2
1914,4267,52,error3
1915,4272,52,error2
1916,4272,91,error2
1917,4276,69,error1
1918,4278,18,error2
1919,4278,18,error3
1920,4278,54,error4
1921,4278,85,error1
1922,4278,98,error1
1923,4278,98,error5
1924,4279,56,error2
1925,4282,51,error1
1926,4284,83,error4
1927,4285,71,error2
1928,4290,66,error1
1929,4291,12,error3
1930,4292,8,error4
1931,4293,94,error2
1932,4296,7,error1
1933,4302,51,error2
1934,4302,51,error3
1935,4302,65,error5
1936,4302,93,error1
1937,4307,42,error3
1938,4308,27,error4
1939,4314,18,error1
1940,4314,97,error2
1941,4315,63,error2
1942,4321,70,error1
1943,4325,78,error3
1944,4326,16,error2
1945,4326,16,error3
1946,4326,16,error4
1947,4326,24,error4
1948,4326,38,error2
1949,4326,38,error3
1950,4326,79,error1
1951,4326,91,error2
1952,4326,91,error3
1953,4344,23,error3
1954,4344,33,error2
1955,4345,54,error3
1956,4350,9,error1
1957,4350,51,error1
1958,4350,99,error2
1959,4350,99,error3
1960,4352,72,error1
1961,4353,69,error1
1962,4358,10,error3
1963,4358,89,error4
1964,4366,26,error1
1965,4368,84,error1
1966,4374,37,error4
1967,4374,40,error1
1968,4374,88,error1
1969,4378,8,error2
1970,4378,90,error4
1971,4379,50,error1
1972,4381,98,error2
1973,4383,44,error5
1974,4384,73,error2
1975,4388,74,error4
1976,4389,78,error2
1977,4391,60,error2
1978,4394,33,error2
1979,4397,37,error1
1980,4398,84,error1
1981,4398,92,error4
1982,4405,72,error1
1983,4409,15,error4
1984,4422,78,error1
1985,4431,50,error2
1986,4433,8,error2
1987,4433,26,error3
1988,4435,30,error1
1989,4441,59,error4
1990,4445,18,error2
1991,4446,12,error1
1992,4446,22,error2
1993,4446,22,error3
1994,4446,31,error3
1995,4446,31,error4
1996,4449,87,error1
1997,4451,59,error2
1998,4455,15,error2
1999,4456,100,error3
2000,4459,35,error2
2001,4461,15,error2
2002,4461,22,error4
2003,4463,92,error5
2004,4467,41,error3
2005,4468,29,error5
2006,4469,29,error1
2007,4472,18,error3
2008,4477,84,error1
2009,4487,31,error5
2010,4489,20,error1
2011,4491,90,error1
2012,4492,80,error2
2013,4493,58,error5
2014,4494,7,error2
2015,4494,7,error3
2016,4494,47,error2
2017,4494,47,error3
2018,4494,97,error4
2019,4499,85,error4
2020,4499,94,error4
2021,4500,16,error2
2022,4502,15,error1
2023,4503,72,error1
2024,4505,16,error3
2025,4507,22,error4
2026,4508,32,error4
2027,4509,16,error4
2028,4519,71,error4
2029,4521,46,error1
2030,4522,56,error4
2031,4530,85,error3
2032,4535,28,error4
2033,4535,89,error3
2034,4538,84,error2
2035,4542,13,error2
2036,4542,13,error3
2037,4542,48,error2
2038,4542,48,error3
2039,4546,25,error3
2040,4547,69,error4
2041,4550,34,error2
2042,4557,3,error4
2043,4557,21,error4
2044,4564,38,error5
2045,4565,78,error3
2046,4572,51,error1
2047,4578,88,error2
2048,4589,20,error1
2049,4590,53,error1
2050,4590,70,error1
2051,4590,76,error2
2052,4590,80,error2
2053,4590,80,error3
2054,4590,82,error4
2055,4595,26,error2
2056,4596,89,error2
2057,4597,33,error4
2058,4601,88,error3
2059,4605,19,error4
2060,4606,37,error2
2061,4610,71,error2
2062,4617,91,error2
2063,4622,83,error3
2064,4630,5,error1
2065,4631,50,error3
2066,4637,7,error2
2067,4637,52,error2
2068,4638,49,error5
2069,4639,85,error3
2070,4643,73,error4
2071,4645,70,error2
2072,4648,43,error1
2073,4648,96,error2
2074,4649,74,error1
2075,4651,39,error4
2076,4652,28,error2
2077,4659,39,error3
2078,4662,14,error1
2079,4662,17,error2
2080,4662,17,error3
2081,4662,29,error1
2082,4662,51,error5
2083,4662,67,error2
2084,4662,67,error3
2085,4662,83,error1
2086,4662,83,error5
2087,4662,86,error5
2088,4664,14,error3
2089,4664,66,error1
2090,4665,62,error4
2091,4669,43,error5
2092,4672,94,error3
2093,4680,11,error2
2094,4681,40,error3
2095,4682,12,error5
2096,4684,24,error3
2097,4684,55,error1
2098,4686,4,error2
2099,4686,4,error3
2100,4686,73,error1
2101,4691,97,error2
2102,4698,52,error1
2103,4700,60,error4
2104,4700,65,error2
2105,4702,86,error3
2106,4704,17,error3
2107,4708,5,error3
2108,4709,19,error4
2109,4710,9,error2
2110,4710,9,error3
2111,4710,56,error3
2112,4710,96,error4
2113,4710,99,error4
2114,4713,36,error1
2115,4717,50,error3
2116,4721,83,error2
2117,4729,72,error1
2118,4729,88,error3
2119,4733,49,error3
2120,4734,20,error1
2121,4734,37,error5
2122,4734,52,error5
2123,4736,80,error3
2124,4737,12,error2
2125,4746,74,error1
2126,4753,54,error2
2127,4757,24,error4
2128,4758,2,error4
2129,4758,23,error2
2130,4758,23,error3
2131,4758,59,error1
2132,4759,11,error2
2133,4764,87,error1
2134,4766,37,error2
2135,4771,3,error1
2136,4773,52,error3
2137,4776,85,error2
2138,4777,100,error2
2139,4778,84,error5
2140,4782,35,error2
2141,4782,35,error3
2142,4782,43,error1
2143,4782,78,error5
2144,4784,22,error1
2145,4785,52,error2
2146,4791,24,error2
2147,4794,91,error1
2148,4796,60,error4
2149,4804,40,error2
2150,4806,3,error2
2151,4806,3,error3
2152,4806,45,error5
2153,4806,75,error2
2154,4806,75,error3
2155,4810,2,error2
2156,4829,42,error1
2157,4830,74,error2
2158,4830,74,error3
2159,4830,89,error2
2160,4830,89,error3
2161,4835,97,error1
2162,4848,15,error2
2163,4848,54,error1
2164,4852,83,error4
2165,4854,97,error5
2166,4860,57,error4
2167,4861,65,error2
2168,4866,12,error5
2169,4872,67,error1
2170,4873,78,error2
2171,4874,2,error1
2172,4877,75,error1
2173,4878,78,error2
2174,4879,39,error2
2175,4900,30,error3
2176,4901,4,error2
2177,4902,48,error1
2178,4902,71,error5
2179,4915,54,error3
2180,4916,17,error2
2181,4918,48,error3
2182,4923,23,error1
2183,4933,17,error4
2184,4933,50,error3
2185,4936,10,error3
2186,4936,34,error2
2187,4941,99,error4
2188,4943,3,error4
2189,4943,31,error2
2190,4944,61,error1
2191,4947,25,error1
2192,4950,63,error5
2193,4951,79,error2
2194,4952,5,error1
2195,4959,26,error3
2196,4959,76,error1
2197,4964,88,error1
2198,4967,61,error1
2199,4972,52,error2
2200,4983,91,error4
2201,4985,4,error4
2202,4989,42,error1
2203,4991,86,error4
2204,4992,94,error2
2205,4993,69,error4
2206,4995,42,error1
2207,4996,17,error2
2208,4998,18,error2
2209,4998,18,error3
2210,4998,44,error2
2211,4998,44,error3
2212,4998,49,error4
2213,4998,60,error2
2214,4998,60,error3
2215,4998,98,error4
2216,5000,36,error4
2217,5006,39,error4
2218,5015,49,error2
2219,5016,81,error1
2220,5017,29,error3
2221,5019,96,error4
2222,5020,10,error5
2223,5020,13,error3
2224,5022,14,error2
2225,5022,14,error3
2226,5022,17,error1
2227,5022,39,error1
2228,5022,58,error4
2229,5024,18,error2
2230,5025,5,error4
2231,5026,35,error4
2232,5026,83,error2
2233,5026,94,error4
2234,5028,67,error4
2235,5029,84,error1
2236,5032,29,error4
2237,5033,3,error1
2238,5036,66,error4
2239,5042,18,error1
2240,5044,28,error2
2241,5046,24,error5
2242,5049,9,error3
2243,5051,58,error3
2244,5061,32,error4
2245,5066,71,error2
2246,5070,99,error2
2247,5070,99,error3
2248,5071,87,error2
2249,5075,93,error1
2250,5077,47,error2
2251,5081,79,error5
2252,5090,29,error1
2253,5092,74,error2
2254,5094,52,error2
2255,5094,52,error3
2256,5095,66,error2
2257,5096,18,error3
2258,5098,70,error3
2259,5099,74,error5
2260,5107,71,error2
2261,5108,16,error4
2262,5111,17,error1
2263,5112,28,error1
2264,5113,98,error4
2265,5114,66,error4
2266,5114,69,error3
2267,5116,36,error1
2268,5116,38,error2
2269,5117,47,error3
2270,5118,15,error1
2271,5118,23,error4
2272,5118,24,error1
2273,5118,59,error2
2274,5118,59,error3
2275,5118,69,error4
2276,5124,89,error5
2277,5127,3,error1
2278,5127,19,error2
2279,5130,39,error1
2280,5132,67,error5
2281,5139,28,error2
2282,5140,45,error2
2283,5142,8,error5
2284,5142,35,error1
2285,5142,43,error2
2286,5142,43,error3
2287,5142,55,error1
2288,5143,82,error2
2289,5144,72,error2
2290,5146,2,error1
2291,5149,27,error1
2292,5150,24,error3
2293,5151,45,error3
2294,5154,25,error3
2295,5157,96,error2
2296,5166,22,error5
2297,5167,80,error4
2298,5173,40,error1
2299,5178,13,error2
2300,5184,46,error5
2301,5184,85,error2
2302,5184,97,error2
2303,5186,43,error3
2304,5189,12,error2
2305,5189,87,error1
2306,5190,21,error2
2307,5190,21,error3
2308,5190,21,error5
2309,5192,16,error1
2310,5196,56,error1
2311,5197,63,error1
2312,5199,44,error4
2313,5199,61,error4
2314,5199,69,error2
2315,5200,77,error4
2316,5202,81,error1
2317,5203,40,error1
2318,5205,58,error1
2319,5205,66,error1
2320,5214,30,error2
2321,5214,30,error3
2322,5214,30,error5
2323,5214,47,error1
2324,5215,10,error2
2325,5216,73,error1
2326,5217,50,error1
2327,5220,19,error1
2328,5221,72,error1
2329,5222,89,error4
2330,5225,55,error4
2331,5226,69,error5
2332,5227,80,error5
2333,5229,43,error2
2334,5236,3,error2
2335,5238,32,error1
2336,5238,66,error4
2337,5241,74,error4
2338,5242,48,error4
2339,5243,35,error1
2340,5250,7,error2
2341,5252,77,error1
2342,5253,41,error1
2343,5256,71,error2
2344,5259,70,error1
2345,5261,47,error1
2346,5262,13,error2
2347,5262,13,error3
2348,5264,9,error4
2349,5265,42,error3
2350,5267,97,error2
2351,5271,40,error4
2352,5271,98,error2
2353,5272,63,error1
2354,5278,17,error3
2355,5278,76,error2
2356,5280,22,error3
2357,5280,86,error1
2358,5284,49,error1
2359,5285,21,error1
2360,5286,7,error3
2361,5286,87,error1
2362,5291,88,error2
2363,5295,15,error4
2364,5296,46,error1
2365,5297,79,error1
2366,5298,87,error1
2367,5307,91,error3
2368,5308,10,error3
2369,5310,4,error4
2370,5310,61,error2
2371,5310,61,error3
2372,5310,62,error1
2373,5312,79,error2
2374,5318,36,error3
2375,5327,51,error4
2376,5328,72,error2
2377,5330,5,error4
2378,5332,6,error2
2379,5340,7,error1
2380,5343,80,error4
2381,5346,61,error1
2382,5347,96,error3
2383,5348,97,error4
2384,5349,20,error2
2385,5351,30,error1
2386,5358,98,error1
2387,5359,94,error4
2388,5361,80,error2
2389,5367,35,error1
2390,5369,75,error2
2391,5371,45,error4
2392,5376,99,error1
2393,5377,49,error2
2394,5377,87,error3
2395,5378,17,error1
2396,5378,41,error1
2397,5380,50,error1
2398,5382,28,error1
2399,5382,65,error1
2400,5382,65,error2
2401,5382,65,error3
2402,5382,83,error2
2403,5382,83,error3
2404,5389,38,error1
2405,5391,56,error3
2406,5393,68,error4
2407,5395,95,error2
2408,5399,82,error1
2409,5401,86,error2
2410,5406,16,error4
2411,5406,68,error2
2412,5406,68,error3
2413,5407,97,error1
2414,5408,99,error2
2415,5410,80,error2
2416,5411,8,error3
2417,5412,14,error4
2418,5415,47,error3
2419,5416,100,error4
2420,5421,44,error3
2421,5422,40,error1
2422,5422,42,error4
2423,5427,61,error1
2424,5430,75,error3
2425,5430,76,error4
2426,5435,26,error1
2427,5440,55,error1
2428,5443,89,error3
2429,5448,57,error3
2430,5449,20,error3
2431,5449,38,error3
2432,5453,9,error1
2433,5454,20,error5
2434,5454,25,error2
2435,5454,25,error3
2436,5454,25,error5
2437,5454,37,error2
2438,5454,37,error3
2439,5454,40,error2
2440,5454,40,error3
2441,5456,63,error2
2442,5465,12,error2
2443,5465,33,error3
2444,5466,26,error2
2445,5470,67,error2
2446,5473,38,error4
2447,5476,46,error2
2448,5478,59,error5
2449,5478,69,error2
2450,5478,69,error3
2451,5478,90,error1
2452,5478,90,error4
2453,5478,92,error4
2454,5478,95,error5
2455,5480,10,error4
2456,5484,57,error1
2457,5495,86,error1
2458,5496,25,error2
2459,5497,38,error4
2460,5501,99,error2
2461,5502,26,error2
2462,5502,26,error3
2463,5502,42,error2
2464,5502,42,error3
2465,5502,55,error5
2466,5503,22,error1
2467,5509,9,error4
2468,5511,9,error1
2469,5511,78,error1
2470,5515,91,error1
2471,5518,2,error5
2472,5521,95,error2
2473,5526,22,error4
2474,5526,75,error2
2475,5526,75,error3
2476,5526,81,error2
2477,5530,52,error2
2478,5532,5,error2
2479,5532,22,error4
2480,5532,24,error1
2481,5533,24,error4
2482,5545,94,error2
2483,5547,54,error2
2484,5548,41,error4
2485,5548,43,error3
2486,5550,6,error4
2487,5550,52,error2
2488,5550,61,error1
2489,5550,89,error2
2490,5550,89,error3
2491,5550,94,error5
2492,5558,11,error3
2493,5559,83,error5
2494,5559,94,error4
2495,5560,38,error2
2496,5561,42,error3
2497,5562,22,error4
2498,5562,65,error1
2499,5566,30,error1
2500,5567,86,error3
2501,5571,94,error3
2502,5582,54,error2
2503,5582,56,error4
2504,5585,65,error1
2505,5591,83,error2
2506,5592,65,error4
2507,5594,35,error4
2508,5594,39,error5
2509,5594,46,error4
2510,5603,52,error4
2511,5603,54,error5
2512,5604,89,error3
2513,5605,14,error4
2514,5607,97,error1
2515,5611,73,error1
2516,5613,21,error2
2517,5618,41,error4
2518,5618,59,error2
2519,5620,24,error2
2520,5622,13,error1
2521,5622,13,error4
2522,5626,2,error2
2523,5630,27,error3
2524,5635,1,error1
2525,5638,22,error4
2526,5646,28,error3
2527,5646,87,error4
2528,5649,8,error2
2529,5652,98,error4
2530,5655,54,error2
2531,5657,37,error1
2532,5657,69,error3
2533,5660,41,error1
2534,5661,55,error1
2535,5663,90,error1
2536,5670,49,error5
2537,5671,23,error1
2538,5679,13,error3
2539,5681,26,error4
2540,5681,95,error1
2541,5686,11,error2
2542,5690,53,error4
2543,5691,91,error1
2544,5696,80,error2
2545,5698,60,error1
2546,5704,11,error4
2547,5705,83,error4
2548,5711,94,error4
2549,5714,22,error2
2550,5715,40,error2
2551,5718,18,error5
2552,5718,44,error1
2553,5718,85,error5
2554,5718,98,error2
2555,5718,98,error3
2556,5725,59,error2
2557,5730,62,error3
2558,5733,73,error3
2559,5735,61,error3
2560,5738,21,error2
2561,5742,17,error5
2562,5742,31,error2
2563,5742,33,error5
2564,5742,67,error5
2565,5742,83,error1
2566,5743,68,error3
2567,5744,2,error2
2568,5744,35,error5
2569,5746,14,error3
2570,5751,24,error1
2571,5754,36,error1
2572,5756,12,error2
2573,5756,63,error4
2574,5756,83,error1
2575,5766,4,error1
2576,5766,38,error5
2577,5766,73,error4
2578,5766,81,error2
2579,5768,47,error2
2580,5769,58,error3
2581,5770,79,error2
2582,5773,32,error2
2583,5773,86,error1
2584,5781,90,error1
2585,5785,1,error3
2586,5787,5,error2
2587,5788,74,error4
2588,5790,9,error2
2589,5790,9,error3
2590,5790,96,error4
2591,5790,99,error4
2592,5792,50,error2
2593,5794,22,error4
2594,5794,88,error3
2595,5798,46,error2
2596,5799,100,error4
2597,5801,97,error2
2598,5802,49,error3
2599,5806,7,error4
2600,5807,24,error1
2601,5808,33,error1
2602,5814,88,error2
2603,5814,88,error3
2604,5814,88,error5
2605,5816,73,error5
2606,5817,85,error2
2607,5821,84,error3
2608,5827,62,error4
2609,5829,27,error5
2610,5829,65,error2
2611,5838,1,error5
2612,5838,15,error2
2613,5838,23,error2
2614,5838,23,error3
2615,5838,69,error5
2616,5838,84,error2
2617,5838,84,error3
2618,5838,92,error2
2619,5838,92,error3
2620,5840,44,error2
2621,5842,40,error4
2622,5843,25,error3
2623,5850,55,error1
2624,5856,89,error2
2625,5860,76,error1
2626,5860,93,error1
2627,5862,26,error1
2628,5862,55,error2
2629,5862,55,error3
2630,5862,78,error5
2631,5865,89,error4
2632,5867,63,error4
2633,5868,97,error5
2634,5869,77,error1
2635,5869,93,error2
2636,5870,63,error4
2637,5870,64,error1
2638,5879,47,error2
2639,5886,12,error1
2640,5886,31,error4
2641,5886,36,error2
2642,5886,36,error3
2643,5886,75,error5
2644,5887,67,error2
2645,5889,32,error1
2646,5893,77,error4
2647,5900,13,error4
2648,5900,77,error1
2649,5902,88,error2
2650,5907,35,error5
2651,5908,34,error2
2652,5910,21,error4
2653,5910,45,error2
2654,5910,72,error1
2655,5910,86,error1
2656,5913,94,error2
2657,5917,11,error4
2658,5922,17,error1
2659,5922,46,error3
2660,5924,12,error2
2661,5924,32,error3
2662,5924,77,error2
2663,5927,52,error3
2664,5927,75,error1
2665,5931,40,error5
2666,5934,4,error2
2667,5934,5,error1
2668,5934,97,error4
2669,5935,58,error2
2670,5945,86,error2
2671,5948,55,error1
2672,5952,38,error5
2673,5956,17,error2
2674,5957,47,error4
2675,5958,5,error5
2676,5960,21,error2
2677,5961,79,error2
2678,5965,23,error1
2679,5966,19,error2
2680,5967,85,error5
2681,5970,88,error1
2682,5976,55,error1
2683,5978,39,error4
2684,5978,93,error2
2685,5980,85,error5
2686,5982,48,error1
2687,5984,95,error1
2688,5985,39,error2
2689,5993,84,error3
2690,5998,21,error3
2691,5998,28,error2
2692,6001,50,error4
2693,6004,3,error1
2694,6008,84,error3
2695,6008,90,error1
2696,6012,18,error4
2697,6012,66,error3
2698,6012,97,error1
2699,6013,68,error1
2700,6015,79,error3
2701,6019,7,error2
2702,6019,75,error2
2703,6024,17,error2
2704,6030,19,error5
2705,6030,80,error2
2706,6030,80,error3
2707,6030,100,error1
2708,6035,28,error2
2709,6035,29,error1
2710,6036,56,error2
2711,6036,72,error3
2712,6037,82,error4
2713,6042,46,error3
2714,6052,92,error1
2715,6058,32,error3
2716,6059,10,error1
2717,6068,49,error2
2718,6068,60,error4
2719,6077,54,error4
2720,6078,18,error2
2721,6078,18,error3
2722,6078,49,error2
2723,6078,49,error3
2724,6078,49,error4
2725,6078,50,error2
2726,6078,50,error3
2727,6078,60,error2
2728,6078,60,error3
2729,6078,85,error4
2730,6080,79,error2
2731,6083,96,error4
2732,6088,33,error1
2733,6096,78,error1
2734,6098,70,error3
2735,6102,32,error1
2736,6102,51,error2
2737,6102,51,error3
2738,6102,65,error5
2739,6102,67,error2
2740,6102,67,error3
2741,6102,70,error3
2742,6102,83,error2
2743,6102,83,error3
2744,6103,58,error5
2745,6105,50,error2
2746,6110,75,error1
2747,6116,91,error1
2748,6117,46,error1
2749,6119,63,error1
2750,6124,11,error1
2751,6125,80,error2
2752,6126,73,error5
2753,6126,79,error2
2754,6126,79,error3
2755,6126,91,error1
2756,6131,3,error1
2757,6131,99,error4
2758,6135,85,error1
2759,6137,1,error2
2760,6140,60,error1
2761,6144,79,error4
2762,6147,27,error2
2763,6150,9,error1
2764,6150,33,error4
2765,6154,6,error2
2766,6156,24,error4
2767,6158,63,error5
2768,6161,10,error1
2769,6167,100,error3
2770,6173,72,error5
2771,6174,1,error1
2772,6174,37,error2
2773,6174,37,error3
2774,6175,72,error4
2775,6178,52,error4
2776,6182,48,error4
2777,6184,43,error1
2778,6186,84,error3
2779,6193,48,error1
2780,6194,83,error3
2781,6198,17,error5
2782,6198,64,error5
2783,6198,95,error4
2784,6201,55,error2
2785,6203,32,error4
2786,6205,2,error4
2787,6208,67,error5
2788,6209,93,error3
2789,6213,48,error3
2790,6215,43,error1
2791,6222,35,error1
2792,6222,35,error5
2793,6222,42,error4
2794,6226,38,error1
2795,6231,26,error5
2796,6234,7,error1
2797,6235,51,error1
2798,6236,54,error4
2799,6240,71,error5
2800,6243,94,error1
2801,6245,10,error1
2802,6246,22,error2
2803,6246,22,error3
2804,6246,35,error1
2805,6250,3,error2
2806,6251,8,error3
2807,6251,67,error1
2808,6251,81,error5
2809,6252,63,error1
2810,6254,55,error3
2811,6257,96,error1
2812,6260,6,error1
2813,6260,70,error4
2814,6262,13,error1
2815,6263,76,error2
2816,6268,72,error2
2817,6269,23,error1
2818,6270,21,error5
2819,6271,90,error4
2820,6273,26,error3
2821,6285,2,error4
2822,6291,90,error1
2823,6291,93,error5
2824,6293,12,error4
2825,6294,7,error5
2826,6294,47,error4
2827,6302,50,error2
2828,6304,40,error1
2829,6306,14,error2
2830,6313,81,error1
2831,6315,56,error4
2832,6318,32,error5
2833,6318,96,error2
2834,6319,92,error1
2835,6326,68,error2
2836,6333,17,error3
2837,6334,58,error2
2838,6334,76,error1
2839,6336,16,error1
2840,6337,56,error3
2841,6340,29,error4
2842,6342,13,error5
2843,6342,71,error4
2844,6344,57,error1
2845,6351,80,error1
2846,6353,58,error2
2847,6355,7,error2
2848,6359,62,error4
2849,6359,97,error3
2850,6361,44,error2
2851,6366,50,error3
2852,6370,31,error2
2853,6373,96,error3
2854,6375,15,error3
2855,6376,55,error4
2856,6377,88,error3
2857,6379,2,error2
2858,6384,16,error1
2859,6391,61,error2
2860,6394,39,error4
2861,6398,61,error1
2862,6398,87,error4
2863,6408,22,error2
2864,6413,72,error4
2865,6414,56,error2
2866,6414,56,error3
2867,6414,56,error4
2868,6416,34,error2
2869,6417,58,error1
2870,6419,50,error1
2871,6421,19,error4
2872,6422,91,error2
2873,6423,37,error2
2874,6426,58,error1
2875,6427,39,error2
2876,6428,30,error1
2877,6430,44,error1
2878,6430,69,error4
2879,6433,79,error5
2880,6439,93,error3
2881,6440,6,error2
2882,6442,68,error3
2883,6446,61,error3
2884,6451,34,error2
2885,6453,51,error1
2886,6453,79,error2
2887,6454,79,error3
2888,6462,33,error2
2889,6462,33,error3
2890,6462,51,error5
2891,6462,58,error4
2892,6462,66,error2
2893,6462,67,error1
2894,6470,63,error1
2895,6472,72,error1
2896,6476,5,error1
2897,6477,44,error4
2898,6484,52,error1
2899,6484,75,error3
2900,6486,24,error1
2901,6486,79,error5
2902,6488,81,error1
2903,6493,79,error1
2904,6496,19,error3
2905,6498,91,error1
2906,6503,28,error5
2907,6504,63,error3
2908,6508,83,error3
2909,6508,84,error3
2910,6510,76,error4
2911,6516,13,error4
2912,6518,67,error3
2913,6521,11,error4
2914,6524,64,error4
2915,6529,39,error4
2916,6531,62,error1
2917,6534,20,error2
2918,6534,20,error3
2919,6534,37,error5
2920,6534,66,error1
2921,6537,22,error4
2922,6540,12,error1
2923,6543,80,error1
2924,6547,34,error1
2925,6554,3,error5
2926,6556,24,error1
2927,6556,90,error4
2928,6558,11,error4
2929,6558,23,error4
2930,6558,84,error1
2931,6558,90,error1
2932,6558,92,error2
2933,6558,92,error3
2934,6562,34,error4
2935,6563,29,error1
2936,6564,69,error4
2937,6566,92,error3
2938,6567,12,error2
2939,6567,38,error4
2940,6568,99,error2
2941,6572,23,error2
2942,6575,1,error1
2943,6576,36,error4
2944,6581,60,error2
2945,6582,43,error5
2946,6582,45,error1
2947,6589,15,error3
2948,6589,65,error1
2949,6590,79,error3
2950,6590,97,error4
2951,6591,64,error1
2952,6592,30,error1
2953,6592,79,error1
2954,6594,14,error3
2955,6600,12,error4
2956,6605,100,error3
2957,6606,3,error2
2958,6606,3,error3
2959,6606,12,error2
2960,6606,12,error3
2961,6609,44,error3
2962,6611,39,error2
2963,6611,78,error2
2964,6618,72,error2
2965,6619,88,error2
2966,6621,34,error4
2967,6622,12,error2
2968,6625,57,error4
2969,6629,84,error1
2970,6630,21,error2
2971,6630,21,error3
2972,6630,78,error2
2973,6631,13,error1
2974,6633,47,error2
2975,6636,16,error3
2976,6636,26,error2
2977,6639,36,error3
2978,6639,66,error2
2979,6643,36,error2
2980,6646,79,error2
2981,6648,10,error1
2982,6648,20,error5
2983,6654,5,error2
2984,6654,5,error3
2985,6658,39,error4
2986,6659,39,error5
2987,6661,21,error4
2988,6661,64,error3
2989,6666,86,error3
2990,6668,15,error3
2991,6669,6,error1
2992,6672,18,error4
2993,6674,64,error3
2994,6674,70,error3
2995,6679,78,error3
2996,6687,96,error3
2997,6688,58,error1
2998,6689,50,error1
2999,6692,84,error3
3000,6692,91,error5
3001,6693,93,error1
3002,6695,60,error2
3003,6696,41,error2
3004,6697,15,error1
3005,6697,81,error1
3006,6702,71,error5
3007,6703,80,error4
3008,6703,96,error2
3009,6706,19,error2
3010,6709,30,error2
3011,6710,32,error2
3012,6710,40,error1
3013,6712,81,error4
3014,6713,87,error1
3015,6714,17,error1
3016,6715,8,error4
3017,6716,15,error4
3018,6718,45,error4
3019,6721,11,error3
3020,6722,76,error3
3021,6724,27,error2
3022,6728,77,error1
3023,6736,39,error5
3024,6743,12,error1
3025,6743,93,error3
3026,6746,76,error2
3027,6746,95,error1
3028,6750,53,error1
3029,6751,100,error1
3030,6752,49,error4
3031,6758,18,error3
3032,6761,21,error1
3033,6762,49,error4
3034,6764,58,error4
3035,6765,57,error3
3036,6765,87,error1
3037,6766,12,error1
3038,6766,35,error4
3039,6770,54,error2
3040,6772,92,error2
3041,6774,8,error4
3042,6775,4,error1
3043,6776,50,error3
3044,6782,55,error1
3045,6782,62,error2
3046,6793,17,error2
3047,6796,35,error4
3048,6798,49,error5
3049,6798,50,error2
3050,6798,50,error3
3051,6798,85,error2
3052,6798,85,error3
3053,6799,11,error1
3054,6799,49,error3
3055,6804,99,error3
3056,6812,51,error2
3057,6813,42,error4
3058,6817,9,error2
3059,6817,40,error1
3060,6821,38,error1
3061,6821,46,error3
3062,6822,39,error2
3063,6822,39,error3
3064,6822,67,error2
3065,6822,67,error3
3066,6822,83,error1
3067,6823,57,error2
3068,6824,88,error2
3069,6826,20,error4
3070,6826,56,error4
3071,6827,26,error1
3072,6834,71,error4
3073,6841,29,error4
3074,6842,53,error3
3075,6846,4,error2
3076,6846,4,error3
3077,6846,16,error4
3078,6846,24,error4
3079,6846,81,error2
3080,6846,81,error3
3081,6848,7,error4
3082,6851,14,error1
3083,6860,99,error3
3084,6870,9,error2
3085,6870,9,error3
3086,6870,99,error2
3087,6870,99,error3
3088,6872,62,error1
3089,6872,81,error1
3090,6873,38,error5
3091,6878,44,error5
3092,6879,29,error4
3093,6885,79,error3
3094,6886,52,error1
3095,6886,81,error4
3096,6890,8,error3
3097,6893,1,error1
3098,6897,99,error3
3099,6899,40,error5
3100,6901,15,error4
3101,6904,6,error3
3102,6906,25,error2
3103,6910,39,error1
3104,6912,33,error2
3105,6912,58,error2
3106,6914,17,error2
3107,6915,1,error3
3108,6917,37,error4
3109,6918,1,error2
3110,6918,1,error3
3111,6918,23,error5
3112,6918,59,error2
3113,6918,59,error3
3114,6918,64,error2
3115,6918,64,error3
3116,6918,69,error5
3117,6918,95,error5
3118,6926,96,error2
3119,6929,97,error4
3120,6930,83,error3
3121,6930,98,error2
3122,6932,77,error3
3123,6934,81,error1
3124,6936,80,error2
3125,6936,96,error4
3126,6938,71,error4
3127,6938,84,error1
3128,6938,100,error3
3129,6942,8,error5
3130,6942,26,error2
3131,6942,26,error3
3132,6948,92,error5
3133,6948,100,error1
3134,6953,37,error2
3135,6954,85,error4
3136,6955,84,error5
3137,6956,4,error1
3138,6961,73,error2
3139,6962,17,error4
3140,6966,31,error2
3141,6966,31,error3
3142,6966,45,error5
3143,6966,75,error2
3144,6966,75,error3
3145,6966,82,error2
3146,6967,53,error1
3147,6971,60,error3
3148,6979,69,error2
3149,6981,51,error2
3150,6981,70,error3
3151,6988,30,error2
3152,6990,74,error2
3153,6990,74,error3
3154,6990,94,error4
3155,6993,28,error1
3156,6994,42,error1
3157,6995,37,error1
3158,6997,22,error1
3159,7000,86,error4
3160,7002,46,error2
3161,7002,49,error1
3162,7004,50,error3
3163,7014,7,error2
3164,7014,7,error3
3165,7014,36,error4
3166,7014,47,error2
3167,7014,47,error3
3168,7014,63,error5
3169,7014,97,error2
3170,7014,97,error3
3171,7024,11,error1
3172,7025,98,error1
3173,7026,91,error1
3174,7029,27,error4
3175,7038,52,error2
3176,7040,98,error2
3177,7042,14,error3
3178,7045,57,error1
3179,7052,25,error5
3180,7054,6,error1
3181,7056,79,error4
3182,7056,96,error4
3183,7058,53,error3
3184,7058,71,error2
3185,7062,13,error1
3186,7062,38,error2
3187,7064,50,error1
3188,7073,21,error1
3189,7073,50,error1
3190,7078,44,error2
3191,7081,34,error4
3192,7082,60,error4
3193,7086,22,error1
3194,7086,27,error2
3195,7086,87,error4
3196,7088,46,error4
3197,7089,98,error4
3198,7092,18,error5
3199,7094,3,error3
3200,7096,48,error3
3201,7097,46,error1
3202,7098,13,error5
3203,7098,42,error4
3204,7098,87,error2
3205,7099,6,error2
3206,7103,72,error1
3207,7106,85,error2
3208,7108,35,error3
3209,7108,52,error2
3210,7108,91,error3
3211,7109,53,error2
3212,7110,61,error1
3213,7110,63,error5
3214,7113,33,error4
3215,7113,46,error4
3216,7118,69,error4
3217,7123,26,error1
3218,7124,72,error2
3219,7125,80,error1
3220,7127,100,error1
3221,7129,20,error2
3222,7130,38,error3
3223,7140,59,error1
3224,7142,23,error2
3225,7150,27,error4
3226,7150,51,error1
3227,7153,15,error2
3228,7155,71,error3
3229,7156,98,error3
3230,7158,18,error5
3231,7158,98,error2
3232,7158,98,error3
3233,7161,84,error1
3234,7166,32,error2
3235,7173,32,error2
3236,7180,45,error1
3237,7182,17,error4
3238,7182,17,error5
3239,7182,30,error2
3240,7182,34,error2
3241,7182,34,error3
3242,7189,10,error3
3243,7190,48,error2
3244,7194,30,error5
3245,7195,71,error3
3246,7197,81,error2
3247,7197,100,error2
3248,7201,84,error2
3249,7205,64,error2
3250,7206,41,error1
3251,7206,91,error5
3252,7212,95,error5
3253,7216,4,error3
3254,7219,46,error1
3255,7221,71,error1
3256,7224,35,error3
3257,7224,61,error1
3258,7228,54,error4
3259,7230,34,error3
3260,7230,99,error5
3261,7235,63,error4
3262,7238,82,error1
3263,7253,36,error2
3264,7254,20,error4
3265,7254,22,error5
3266,7254,25,error2
3267,7254,25,error3
3268,7254,52,error1
3269,7254,52,error5
3270,7256,66,error4
3271,7257,92,error3
3272,7258,54,error4
3273,7260,40,error3
3274,7260,69,error5
3275,7261,23,error3
3276,7265,8,error5
3277,7265,59,error3
3278,7270,93,error1
3279,7274,36,error2
3280,7275,70,error4
3281,7278,15,error2
3282,7278,15,error3
3283,7278,15,error5
3284,7278,69,error4
3285,7278,90,error4
3286,7281,61,error5
3287,7282,7,error2
3288,7284,45,error3
3289,7285,18,error1
3290,7290,10,error1
3291,7294,97,error4
3292,7295,3,error2
3293,7301,29,error1
3294,7302,26,error1
3295,7302,43,error1
3296,7302,78,error5
3297,7303,21,error3
3298,7307,89,error5
3299,7309,69,error4
3300,7314,89,error3
3301,7315,94,error2
3302,7323,65,error4
3303,7326,22,error4
3304,7326,45,error1
3305,7327,37,error2
3306,7333,11,error4
3307,7334,27,error2
3308,7335,54,error1
3309,7337,30,error4
3310,7345,97,error4
3311,7347,72,error1
3312,7348,76,error1
3313,7348,78,error1
3314,7350,21,error5
3315,7350,54,error2
3316,7350,57,error1
3317,7350,90,error1
3318,7352,8,error5
3319,7354,41,error1
3320,7354,42,error3
3321,7354,50,error1
3322,7356,37,error4
3323,7361,11,error2
3324,7367,98,error4
3325,7370,54,error1
3326,7373,99,error2
3327,7376,57,error2
3328,7376,97,error4
3329,7377,53,error3
3330,7384,22,error4
3331,7385,19,error1
3332,7390,12,error1
3333,7394,21,error2
3334,7394,100,error3
3335,7396,83,error3
3336,7397,12,error1
3337,7398,32,error1
3338,7398,62,error2
3339,7402,62,error4
3340,7402,74,error2
3341,7408,61,error2
3342,7417,43,error1
3343,7422,48,error2
3344,7422,48,error3
3345,7423,13,error1
3346,7424,21,error2
3347,7425,56,error2
3348,7430,15,error1
3349,7435,83,error5
3350,7437,47,error2
3351,7442,34,error2
3352,7448,31,error1
3353,7449,58,error1
3354,7450,98,error3
3355,7451,74,error1
3356,7454,88,error1
3357,7455,3,error4
3358,7455,95,error1
3359,7456,55,error1
3360,7457,100,error1
3361,7470,53,error2
3362,7470,53,error3
3363,7470,63,error2
3364,7470,63,error3
3365,7470,70,error1
3366,7470,80,error2
3367,7470,80,error3
3368,7472,11,error3
3369,7477,81,error2
3370,7481,46,error2
3371,7483,21,error4
3372,7485,2,error3
3373,7488,79,error1
3374,7489,67,error1
3375,7493,78,error4
3376,7494,56,error1
3377,7495,43,error3
3378,7500,18,error3
3379,7505,10,error1
3380,7510,56,error4
3381,7513,76,error1
3382,7516,1,error3
3383,7518,49,error4
3384,7518,85,error2
3385,7518,85,error3
3386,7519,49,error5
3387,7525,26,error4
3388,7527,70,error2
3389,7535,47,error1
3390,7540,33,error4
3391,7541,70,error3
3392,7542,15,error3
3393,7542,34,error1
3394,7542,55,error3
3395,7542,66,error4
3396,7543,20,error4
3397,7546,39,error3
3398,7548,22,error4
3399,7550,41,error1
3400,7554,43,error2
3401,7554,79,error3
3402,7555,70,error4
3403,7557,33,error1
3404,7561,21,error4
3405,7561,100,error1
3406,7566,24,error5
3407,7566,73,error4
3408,7571,50,error4
3409,7574,54,error3
3410,7576,4,error3
3411,7582,53,error1
3412,7582,70,error1
3413,7587,6,error1
3414,7590,9,error1
3415,7596,28,error2
3416,7603,15,error2
3417,7605,30,error4
3418,7609,44,error4
3419,7612,31,error4
3420,7614,20,error2
3421,7614,20,error3
3422,7614,37,error2
3423,7614,37,error3
3424,7614,64,error1
3425,7615,66,error2
3426,7616,80,error4
3427,7617,11,error2
3428,7617,55,error5
3429,7620,68,error2
3430,7621,91,error3
3431,7625,33,error2
3432,7625,45,error3
3433,7625,63,error1
3434,7627,15,error4
3435,7629,75,error2
3436,7638,23,error4
3437,7640,29,error5
3438,7640,53,error4
3439,7650,50,error2
3440,7650,65,error4
3441,7654,8,error2
3442,7655,39,error4
3443,7661,50,error4
3444,7662,26,error2
3445,7662,26,error3
3446,7662,42,error2
3447,7662,42,error3
3448,7662,43,error2
3449,7662,43,error3
3450,7662,91,error5
3451,7664,58,error2
3452,7667,56,error4
3453,7669,81,error2
3454,7686,22,error5
3455,7686,31,error1
3456,7686,31,error4
3457,7686,88,error1
3458,7689,71,error4
3459,7689,90,error2
3460,7698,26,error4
3461,7699,72,error4
3462,7703,22,error3
3463,7706,90,error1
3464,7707,49,error3
3465,7710,46,error2
3466,7710,46,error3
3467,7710,86,error2
3468,7710,86,error3
3469,7710,89,error2
3470,7710,89,error3
3471,7710,94,error2
3472,7710,94,error3
3473,7710,94,error5
3474,7715,48,error1
3475,7717,38,error2
3476,7718,7,error3
3477,7719,88,error4
3478,7720,88,error1
3479,7724,30,error2
3480,7726,8,error3
3481,7732,9,error3
3482,7734,5,error1
3483,7734,47,error2
3484,7734,47,error3
3485,7734,97,error5
3486,7736,95,error2
3487,7738,8,error2
3488,7740,88,error1
3489,7741,15,error1
3490,7743,24,error4
3491,7752,54,error2
3492,7761,18,error2
3493,7769,54,error2
3494,7770,23,error2
3495,7771,31,error1
3496,7775,3,error1
3497,7775,15,error4
3498,7782,10,error3
3499,7784,100,error2
3500,7785,70,error3
3501,7786,30,error1
3502,7786,71,error1
3503,7808,15,error3
3504,7808,60,error1
3505,7813,77,error1
3506,7814,9,error3
3507,7814,44,error3
3508,7815,29,error2
3509,7816,80,error4
3510,7819,47,error1
3511,7824,61,error4
3512,7830,19,error5
3513,7830,61,error2
3514,7830,61,error3
3515,7834,37,error2
3516,7834,92,error4
3517,7842,72,error5
3518,7843,69,error2
3519,7850,22,error1
3520,7853,65,error2
3521,7853,67,error1
3522,7854,56,error2
3523,7854,56,error3
3524,7859,39,error2
3525,7862,9,error3
3526,7868,32,error4
3527,7868,94,error5
3528,7870,7,error3
3529,7877,34,error4
3530,7877,96,error2
3531,7878,49,error2
3532,7878,49,error3
3533,7878,98,error4
3534,7885,99,error3
3535,7886,82,error3
3536,7887,54,error4
3537,7890,17,error2
3538,7896,41,error5
3539,7896,75,error3
3540,7898,16,error3
3541,7899,13,error1
3542,7900,70,error2
3543,7902,17,error2
3544,7902,17,error3
3545,7902,33,error1
3546,7902,51,error5
3547,7902,83,error5
3548,7913,66,error1
3549,7914,43,error1
3550,7915,21,error2
3551,7919,28,error1
3552,7920,12,error3
3553,7920,89,error2
3554,7925,72,error4
3555,7926,16,error2
3556,7926,16,error3
3557,7926,24,error4
3558,7926,29,error2
3559,7926,29,error3
3560,7926,68,error1
3561,7926,73,error1
3562,7930,22,error3
3563,7932,72,error4
3564,7934,61,error4
3565,7935,48,error4
3566,7937,57,error4
3567,7944,51,error4
3568,7944,74,error3
3569,7944,79,error3
3570,7948,83,error2
3571,7950,76,error4
3572,7950,99,error4
3573,7952,80,error4
3574,7952,90,error1
3575,7954,52,error1
3576,7956,86,error2
3577,7965,47,error5
3578,7966,37,error2
3579,7967,12,error2
3580,7974,25,error5
3581,7974,37,error4
3582,7974,40,error1
3583,7974,88,error2
3584,7974,88,error3
3585,7974,88,error5
3586,7980,92,error1
3587,7981,47,error1
3588,7998,90,error2
3589,7998,90,error3
3590,7998,92,error4
3591,8006,14,error1
3592,8007,49,error1
3593,8007,55,error4
3594,8007,91,error4
3595,8019,9,error2
3596,8022,55,error1
3597,8024,61,error5
3598,8029,30,error4
3599,8040,90,error2
3600,8046,3,error2
3601,8046,3,error3
3602,8048,94,error1
3603,8057,67,error4
3604,8058,22,error4
3605,8058,64,error2
3606,8062,97,error2
3607,8069,88,error4
3608,8070,21,error2
3609,8070,21,error3
3610,8071,77,error1
3611,8076,41,error2
3612,8082,53,error3
3613,8084,31,error2
3614,8088,92,error4
3615,8089,11,error2
3616,8090,5,error1
3617,8090,100,error1
3618,8094,4,error1
3619,8094,30,error5
3620,8094,72,error1
3621,8095,71,error4
3622,8103,22,error1
3623,8104,34,error2
3624,8106,5,error5
3625,8111,22,error2
3626,8113,94,error1
3627,8114,33,error2
3628,8118,26,error3
3629,8119,88,error3
3630,8132,94,error2
3631,8133,66,error2
3632,8134,86,error1
3633,8142,13,error5
3634,8143,64,error2
3635,8144,61,error2
3636,8144,63,error3
3637,8149,35,error4
3638,8149,53,error2
3639,8150,82,error1
3640,8157,57,error1
3641,8157,87,error1
3642,8159,63,error1
3643,8160,49,error5
3644,8162,16,error1
3645,8162,24,error2
3646,8166,6,error4
3647,8167,21,error1
3648,8174,26,error4
3649,8178,34,error1
3650,8181,93,error1
3651,8184,94,error3
3652,8185,58,error2
3653,8187,70,error3
3654,8187,91,error2
3655,8190,19,error1
3656,8190,53,error2
3657,8190,53,error3
3658,8190,62,error5
3659,8190,70,error2
3660,8190,70,error3
3661,8190,80,error2
3662,8190,80,error3
3663,8190,82,error2
3664,8190,82,error3
3665,8190,100,error2
3666,8190,100,error3
3667,8195,91,error1
3668,8205,10,error2
3669,8209,81,error2
3670,8211,53,error4
3671,8215,53,error3
3672,8217,98,error1
3673,8219,7,error2
3674,8220,78,error3
3675,8225,65,error2
3676,8226,45,error2
3677,8227,68,error3
3678,8234,71,error1
3679,8235,78,error4
3680,8238,85,error4
3681,8247,74,error4
3682,8252,66,error1
3683,8254,6,error3
3684,8254,85,error2
3685,8255,19,error1
3686,8257,65,error4
3687,8258,81,error3
3688,8262,51,error2
3689,8262,51,error3
3690,8262,58,error2
3691,8262,58,error3
3692,8264,34,error2
3693,8265,25,error2
3694,8266,11,error2
3695,8267,36,error3
3696,8273,34,error3
3697,8277,93,error1
3698,8281,54,error3
3699,8286,38,error1
3700,8286,38,error5
3701,8286,68,error2
3702,8286,68,error3
3703,8286,79,error5
3704,8286,81,error2
3705,8286,81,error3
3706,8295,92,error4
3707,8296,12,error4
3708,8308,56,error1
3709,8310,9,error2
3710,8310,9,error3
3711,8310,20,error1
3712,8310,99,error5
3713,8311,9,error4
3714,8314,93,error2
3715,8315,42,error3
3716,8315,85,error1
3717,8321,13,error5
3718,8323,57,error2
3719,8325,51,error4
3720,8329,22,error4
3721,8334,20,error1
3722,8334,37,error5
3723,8334,40,error4
3724,8334,66,error1
3725,8338,78,error1
3726,8342,23,error2
3727,8343,57,error4
3728,8351,81,error1
3729,8354,97,error1
3730,8355,8,error2
3731,8355,63,error2
3732,8356,64,error1
3733,8357,43,error4
3734,8358,1,error5
3735,8358,11,error4
3736,8358,23,error5
3737,8360,66,error2
3738,8362,67,error1
3739,8364,38,error4
3740,8366,31,error3
3741,8368,5,error1
3742,8369,61,error1
3743,8372,34,error1
3744,8373,11,error2
3745,8382,42,error4
3746,8382,78,error2
3747,8382,78,error3
3748,8384,83,error3
3749,8386,29,error4
3750,8389,7,error3
3751,8389,22,error3
3752,8389,91,error2
3753,8395,8,error4
3754,8396,16,error3
3755,8396,57,error1
3756,8396,79,error1
3757,8400,14,error5
3758,8400,79,error1
3759,8401,24,error4
3760,8403,11,error3
3761,8405,40,error2
3762,8405,79,error2
3763,8409,10,error1
3764,8410,70,error2
3765,8412,57,error1
3766,8414,28,error3
3767,8415,77,error1
3768,8416,24,error3
3769,8417,32,error4
3770,8427,29,error1
3771,8430,21,error4
3772,8430,94,error2
3773,8430,94,error3
3774,8433,31,error4
3775,8440,36,error4
3776,8445,73,error2
3777,8448,62,error4
3778,8449,56,error3
3779,8451,45,error2
3780,8451,91,error1
3781,8453,75,error3
3782,8454,7,error1
3783,8454,47,error2
3784,8454,47,error3
3785,8459,8,error4
3786,8459,38,error2
3787,8461,35,error4
3788,8461,62,error2
3789,8463,49,error2
3790,8470,3,error5
3791,8474,95,error1
3792,8474,99,error3
3793,8475,34,error4
3794,8477,5,error4
3795,8480,77,error4
3796,8485,40,error4
3797,8486,33,error5
3798,8487,80,error1
3799,8497,67,error4
3800,8500,66,error4
3801,8502,13,error1
3802,8502,13,error2
3803,8502,13,error3
3804,8502,55,error3
3805,8504,13,error1
3806,8504,18,error4
3807,8505,5,error4
3808,8506,52,error2
3809,8511,21,error1
3810,8511,83,error3
3811,8515,55,error3
3812,8518,15,error3
3813,8521,14,error2
3814,8523,100,error3
3815,8526,74,error3
3816,8526,87,error4
3817,8527,77,error1
3818,8530,52,error4
3819,8532,72,error5
3820,8536,19,error3
3821,8543,68,error3
3822,8543,72,error2
3823,8544,50,error1
3824,8544,91,error4
3825,8545,23,error4
3826,8550,62,error2
3827,8550,62,error3
3828,8551,8,error4
3829,8554,20,error2
3830,8555,62,error4
3831,8556,14,error1
3832,8557,10,error2
3833,8560,95,error3
3834,8561,8,error2
3835,8563,32,error2
3836,8569,69,error2
3837,8570,81,error1
3838,8572,89,error4
3839,8574,56,error1
3840,8575,8,error4
3841,8576,33,error2
3842,8577,28,error1
3843,8577,68,error3
3844,8582,59,error3
3845,8585,29,error2
3846,8585,81,error1
3847,8587,24,error3
3848,8593,44,error3
3849,8598,49,error5
3850,8598,54,error2
3851,8598,54,error3
3852,8598,85,error5
3853,8601,52,error1
3854,8604,3,error1
3855,8608,79,error4
3856,8609,26,error2
3857,8612,44,error2
3858,8620,26,error4
3859,8622,17,error1
3860,8622,28,error1
3861,8622,39,error2
3862,8622,39,error3
3863,8622,83,error1
3864,8622,83,error2
3865,8622,83,error3
3866,8627,21,error4
3867,8627,22,error1
3868,8633,27,error4
3869,8634,46,error4
3870,8645,50,error2
3871,8650,9,error2
3872,8650,53,error2
3873,8650,54,error4
3874,8655,82,error4
3875,8656,28,error1
3876,8657,20,error4
3877,8657,30,error1
3878,8657,45,error3
3879,8658,71,error2
3880,8660,81,error4
3881,8662,53,error3
3882,8662,98,error2
3883,8666,33,error2
3884,8670,2,error2
3885,8670,2,error3
3886,8670,96,error4
3887,8672,76,error4
3888,8676,50,error1
3889,8682,40,error4
3890,8683,88,error2
3891,8685,34,error2
3892,8688,69,error2
3893,8690,35,error5
3894,8692,71,error5
3895,8694,20,error5
3896,8694,52,error5
3897,8694,88,error1
3898,8701,59,error4
3899,8711,45,error1
3900,8712,20,error3
3901,8714,73,error1
3902,8715,84,error1
3903,8716,35,error4
3904,8716,79,error2
3905,8718,15,error5
3906,8718,64,error1
3907,8718,90,error1
3908,8718,95,error1
3909,8720,94,error4
3910,8721,5,error2
3911,8732,45,error3
3912,8733,8,error4
3913,8751,80,error3
3914,8754,91,error4
3915,8756,23,error3
3916,8759,94,error3
3917,8765,8,error3
3918,8765,30,error2
