,datetime,machineID,comp
0,-5130,1,comp2
1,-5130,6,comp2
2,-5130,9,comp1
3,-5130,9,comp2
4,-5130,11,comp2
5,-5130,16,comp4
6,-5130,18,comp3
7,-5130,19,comp4
8,-5130,20,comp1
9,-5130,20,comp2
10,-5130,21,comp3
11,-5130,26,comp2
12,-5130,37,comp2
13,-5130,39,comp1
14,-5130,40,comp2
15,-5130,41,comp2
16,-5130,47,comp4
17,-5130,48,comp3
18,-5130,52,comp2
19,-5130,54,comp3
20,-5130,56,comp4
21,-5130,60,comp1
22,-5130,65,comp2
23,-5130,74,comp4
24,-5130,75,comp3
25,-5130,79,comp2
26,-5130,81,comp2
27,-5130,84,comp4
28,-5130,86,comp2
29,-5130,93,comp3
30,-5130,95,comp4
31,-5130,96,comp1
32,-4770,2,comp1
33,-4770,3,comp3
34,-4770,4,comp2
35,-4770,10,comp3
36,-4770,13,comp1
37,-4770,15,comp1
38,-4770,18,comp4
39,-4770,22,comp3
40,-4770,25,comp3
41,-4770,26,comp3
42,-4770,28,comp1
43,-4770,34,comp4
44,-4770,35,comp4
45,-4770,39,comp4
46,-4770,43,comp2
47,-4770,44,comp3
48,-4770,46,comp3
49,-4770,46,comp4
50,-4770,51,comp2
51,-4770,55,comp1
52,-4770,55,comp4
53,-4770,57,comp2
54,-4770,61,comp4
55,-4770,78,comp1
56,-4770,82,comp3
57,-4770,84,comp2
58,-4770,85,comp3
59,-4770,86,comp3
60,-4770,90,comp3
61,-4770,92,comp1
62,-4770,95,comp1
63,-4410,3,comp4
64,-4410,7,comp1
65,-4410,7,comp3
66,-4410,19,comp1
67,-4410,20,comp4
68,-4410,24,comp2
69,-4410,28,comp3
70,-4410,30,comp1
71,-4410,30,comp4
72,-4410,42,comp3
73,-4410,50,comp2
74,-4410,54,comp2
75,-4410,58,comp4
76,-4410,61,comp1
77,-4410,67,comp1
78,-4410,70,comp4
79,-4410,73,comp4
80,-4410,76,comp2
81,-4410,78,comp2
82,-4410,81,comp3
83,-4410,86,comp4
84,-4410,88,comp2
85,-4410,91,comp3
86,-4410,95,comp3
87,-4410,97,comp1
88,-4410,97,comp2
89,-4410,97,comp4
90,-4050,1,comp4
91,-4050,2,comp3
92,-4050,11,comp1
93,-4050,11,comp3
94,-4050,14,comp4
95,-4050,29,comp3
96,-4050,31,comp1
97,-4050,36,comp1
98,-4050,36,comp4
99,-4050,38,comp2
100,-4050,42,comp4
101,-4050,43,comp1
102,-4050,44,comp2
103,-4050,59,comp2
104,-4050,60,comp2
105,-4050,63,comp1
106,-4050,63,comp4
107,-4050,64,comp4
108,-4050,65,comp3
109,-4050,66,comp3
110,-4050,69,comp2
111,-4050,69,comp3
112,-4050,73,comp1
113,-4050,79,comp4
114,-4050,81,comp1
115,-4050,81,comp4
116,-4050,82,comp1
117,-4050,85,comp1
118,-4050,93,comp1
119,-4050,94,comp1
120,-4050,99,comp4
121,-3690,1,comp3
122,-3690,4,comp1
123,-3690,12,comp3
124,-3690,14,comp1
125,-3690,30,comp3
126,-3690,32,comp3
127,-3690,34,comp1
128,-3690,35,comp2
129,-3690,41,comp4
130,-3690,43,comp3
131,-3690,47,comp1
132,-3690,49,comp3
133,-3690,56,comp2
134,-3690,61,comp2
135,-3690,70,comp2
136,-3690,71,comp4
137,-3690,72,comp1
138,-3690,77,comp3
139,-3690,88,comp4
140,-3690,89,comp2
141,-3330,2,comp2
142,-3330,3,comp1
143,-3330,5,comp3
144,-3330,7,comp2
145,-3330,12,comp2
146,-3330,15,comp2
147,-3330,17,comp3
148,-3330,18,comp2
149,-3330,19,comp2
150,-3330,22,comp2
151,-3330,24,comp4
152,-3330,27,comp1
153,-3330,29,comp4
154,-3330,31,comp2
155,-3330,31,comp4
156,-3330,37,comp4
157,-3330,40,comp3
158,-3330,41,comp3
159,-3330,57,comp3
160,-3330,57,comp4
161,-3330,58,comp3
162,-3330,59,comp3
163,-3330,62,comp4
164,-3330,78,comp4
165,-3330,85,comp4
166,-3330,96,comp2
167,-3330,96,comp3
168,-3330,96,comp4
169,-2970,5,comp2
170,-2970,8,comp3
171,-2970,10,comp2
172,-2970,12,comp4
173,-2970,13,comp4
174,-2970,15,comp4
175,-2970,17,comp2
176,-2970,33,comp2
177,-2970,37,comp3
178,-2970,44,comp1
179,-2970,45,comp2
180,-2970,49,comp1
181,-2970,50,comp3
182,-2970,58,comp2
183,-2970,62,comp1
184,-2970,64,comp1
185,-2970,71,comp2
186,-2970,72,comp4
187,-2970,74,comp1
188,-2970,74,comp2
189,-2970,88,comp1
190,-2970,93,comp2
191,-2970,93,comp4
192,-2970,94,comp3
193,-2970,94,comp4
194,-2970,95,comp2
195,-2970,98,comp1
196,-2970,98,comp3
197,-2970,100,comp4
198,-2610,6,comp3
199,-2610,6,comp4
200,-2610,21,comp4
201,-2610,24,comp1
202,-2610,28,comp4
203,-2610,32,comp1
204,-2610,33,comp1
205,-2610,34,comp2
206,-2610,42,comp1
207,-2610,50,comp4
208,-2610,51,comp1
209,-2610,60,comp3
210,-2610,65,comp1
211,-2610,67,comp2
212,-2610,68,comp1
213,-2610,75,comp4
214,-2610,79,comp3
215,-2610,83,comp2
216,-2610,88,comp3
217,-2610,90,comp1
218,-2610,92,comp3
219,-2610,97,comp3
220,-2610,100,comp1
221,-2250,5,comp4
222,-2250,10,comp4
223,-2250,17,comp4
224,-2250,21,comp2
225,-2250,25,comp1
226,-2250,25,comp4
227,-2250,27,comp4
228,-2250,28,comp2
229,-2250,31,comp3
230,-2250,34,comp3
231,-2250,36,comp2
232,-2250,37,comp1
233,-2250,41,comp1
234,-2250,46,comp2
235,-2250,54,comp4
236,-2250,60,comp4
237,-2250,65,comp4
238,-2250,73,comp3
239,-2250,74,comp3
240,-2250,75,comp1
241,-2250,77,comp2
242,-2250,77,comp4
243,-2250,80,comp4
244,-2250,82,comp4
245,-2250,87,comp2
246,-2250,87,comp3
247,-2250,91,comp4
248,-2250,98,comp4
249,-1890,5,comp1
250,-1890,8,comp2
251,-1890,10,comp1
252,-1890,14,comp2
253,-1890,16,comp2
254,-1890,23,comp3
255,-1890,23,comp4
256,-1890,24,comp3
257,-1890,26,comp1
258,-1890,32,comp4
259,-1890,33,comp4
260,-1890,35,comp3
261,-1890,36,comp3
262,-1890,38,comp1
263,-1890,40,comp1
264,-1890,46,comp1
265,-1890,51,comp4
266,-1890,53,comp3
267,-1890,55,comp3
268,-1890,56,comp1
269,-1890,62,comp2
270,-1890,63,comp2
271,-1890,63,comp3
272,-1890,67,comp3
273,-1890,68,comp4
274,-1890,69,comp4
275,-1890,82,comp2
276,-1890,83,comp4
277,-1890,87,comp4
278,-1530,16,comp3
279,-1530,20,comp3
280,-1530,27,comp3
281,-1530,29,comp1
282,-1530,38,comp4
283,-1530,39,comp3
284,-1530,42,comp2
285,-1530,43,comp4
286,-1530,47,comp3
287,-1530,48,comp1
288,-1530,49,comp4
289,-1530,50,comp1
290,-1530,52,comp3
291,-1530,53,comp2
292,-1530,58,comp1
293,-1530,59,comp4
294,-1530,61,comp3
295,-1530,66,comp1
296,-1530,72,comp2
297,-1530,80,comp2
298,-1530,83,comp3
299,-1530,85,comp2
300,-1530,90,comp2
301,-1530,92,comp4
302,-1530,98,comp2
303,-1170,4,comp3
304,-1170,11,comp4
305,-1170,12,comp1
306,-1170,14,comp3
307,-1170,16,comp1
308,-1170,47,comp2
309,-1170,48,comp2
310,-1170,52,comp4
311,-1170,62,comp3
312,-1170,64,comp2
313,-1170,67,comp4
314,-1170,70,comp1
315,-1170,75,comp2
316,-1170,77,comp1
317,-1170,84,comp1
318,-1170,84,comp3
319,-1170,90,comp4
320,-1170,91,comp2
321,-1170,99,comp1
322,-810,2,comp4
323,-810,3,comp2
324,-810,7,comp4
325,-810,8,comp1
326,-810,9,comp4
327,-810,13,comp3
328,-810,17,comp1
329,-810,18,comp1
330,-810,21,comp1
331,-810,23,comp1
332,-810,23,comp2
333,-810,25,comp2
334,-810,26,comp4
335,-810,30,comp2
336,-810,33,comp3
337,-810,38,comp3
338,-810,39,comp2
339,-810,40,comp4
340,-810,45,comp3
341,-810,49,comp2
342,-810,51,comp3
343,-810,52,comp1
344,-810,53,comp1
345,-810,57,comp1
346,-810,64,comp3
347,-810,68,comp3
348,-810,69,comp1
349,-810,70,comp3
350,-810,72,comp3
351,-810,73,comp2
352,-810,76,comp3
353,-810,78,comp3
354,-810,80,comp1
355,-810,80,comp3
356,-810,89,comp3
357,-810,92,comp2
358,-810,100,comp3
359,-450,1,comp1
360,-450,4,comp4
361,-450,8,comp4
362,-450,15,comp3
363,-450,19,comp3
364,-450,22,comp4
365,-450,27,comp2
366,-450,32,comp2
367,-450,35,comp1
368,-450,44,comp4
369,-450,45,comp4
370,-450,53,comp4
371,-450,56,comp3
372,-450,66,comp2
373,-450,66,comp4
374,-450,68,comp2
375,-450,71,comp1
376,-450,71,comp3
377,-450,76,comp1
378,-450,76,comp4
379,-450,87,comp1
380,-450,91,comp1
381,-450,94,comp2
382,-450,100,comp2
383,-90,6,comp1
384,-90,9,comp3
385,-90,13,comp2
386,-90,22,comp1
387,-90,29,comp2
388,-90,45,comp1
389,-90,48,comp4
390,-90,54,comp1
391,-90,55,comp2
392,-90,59,comp1
393,-90,79,comp1
394,-90,83,comp1
395,-90,86,comp1
396,-90,89,comp1
397,-90,89,comp4
398,-90,99,comp2
399,-90,99,comp3
400,6,14,comp1
401,6,17,comp4
402,6,34,comp1
403,6,34,comp2
404,6,51,comp1
405,6,51,comp3
406,6,65,comp1
407,6,67,comp4
408,6,83,comp2
409,30,24,comp2
410,30,24,comp1
411,30,29,comp2
412,30,68,comp1
413,30,73,comp3
414,30,73,comp1
415,30,79,comp3
416,30,81,comp3
417,30,81,comp1
418,54,96,comp2
419,78,10,comp4
420,78,20,comp2
421,78,37,comp4
422,78,40,comp4
423,78,40,comp3
424,78,88,comp1
425,102,1,comp4
426,102,1,comp1
427,102,23,comp2
428,102,59,comp3
429,102,64,comp4
430,102,64,comp1
431,102,69,comp1
432,102,69,comp2
433,102,84,comp2
434,102,92,comp2
435,126,8,comp4
436,126,35,comp4
437,126,55,comp3
438,150,3,comp2
439,150,12,comp1
440,150,12,comp2
441,150,22,comp2
442,150,75,comp1
443,174,86,comp4
444,174,86,comp1
445,174,94,comp2
446,198,5,comp2
447,198,30,comp4
448,222,27,comp2
449,222,27,comp3
450,222,32,comp1
451,246,48,comp2
452,246,71,comp2
453,246,77,comp3
454,294,19,comp1
455,294,62,comp3
456,294,62,comp1
457,294,70,comp3
458,294,70,comp4
459,318,56,comp3
460,342,54,comp3
461,342,60,comp3
462,342,60,comp4
463,342,85,comp2
464,366,14,comp3
465,366,17,comp3
466,366,51,comp1
467,366,67,comp2
468,366,83,comp3
469,366,83,comp4
470,390,4,comp2
471,390,16,comp1
472,390,24,comp2
473,390,29,comp3
474,390,38,comp4
475,390,41,comp2
476,390,68,comp1
477,390,68,comp4
478,390,73,comp3
479,390,79,comp3
480,390,81,comp2
481,390,91,comp1
482,414,2,comp4
483,414,76,comp3
484,414,96,comp1
485,414,96,comp4
486,414,99,comp4
487,438,10,comp3
488,438,10,comp2
489,438,20,comp4
490,438,37,comp4
491,438,37,comp2
492,438,40,comp3
493,438,40,comp4
494,438,52,comp4
495,438,52,comp2
496,438,66,comp4
497,438,88,comp4
498,462,1,comp3
499,462,1,comp1
500,462,11,comp2
501,462,11,comp4
502,462,15,comp4
503,462,15,comp2
504,462,23,comp4
505,462,59,comp1
506,462,59,comp3
507,462,64,comp1
508,462,64,comp2
509,462,69,comp3
510,462,90,comp2
511,462,92,comp1
512,462,92,comp4
513,486,8,comp1
514,486,26,comp3
515,486,42,comp1
516,486,42,comp4
517,486,43,comp2
518,486,55,comp2
519,486,55,comp3
520,486,78,comp1
521,486,78,comp3
522,510,3,comp4
523,510,6,comp4
524,510,12,comp3
525,510,22,comp1
526,510,31,comp1
527,510,36,comp4
528,510,45,comp2
529,510,75,comp1
530,510,75,comp2
531,534,21,comp3
532,534,57,comp4
533,534,72,comp3
534,534,74,comp1
535,534,86,comp3
536,534,86,comp2
537,534,89,comp3
538,534,94,comp2
539,558,5,comp2
540,558,7,comp2
541,558,7,comp4
542,558,30,comp4
543,558,47,comp3
544,558,97,comp4
545,558,97,comp3
546,582,27,comp1
547,582,27,comp4
548,582,32,comp1
549,606,48,comp2
550,606,71,comp4
551,606,71,comp3
552,606,77,comp2
553,630,87,comp2
554,654,19,comp1
555,654,19,comp2
556,654,53,comp4
557,654,61,comp3
558,654,62,comp4
559,654,62,comp3
560,654,63,comp1
561,654,63,comp2
562,654,70,comp2
563,654,70,comp1
564,654,82,comp1
565,654,82,comp3
566,654,100,comp4
567,702,18,comp4
568,702,44,comp2
569,702,44,comp3
570,702,49,comp1
571,702,50,comp1
572,702,50,comp4
573,702,60,comp3
574,702,60,comp2
575,702,85,comp3
576,702,98,comp3
577,726,14,comp2
578,726,14,comp3
579,726,17,comp1
580,726,17,comp4
581,726,28,comp2
582,726,33,comp1
583,726,33,comp4
584,726,34,comp4
585,726,39,comp3
586,726,39,comp4
587,726,51,comp3
588,726,58,comp2
589,726,58,comp3
590,726,65,comp3
591,726,65,comp1
592,726,67,comp4
593,726,83,comp1
594,726,83,comp4
595,726,93,comp2
596,750,16,comp2
597,750,24,comp2
598,750,29,comp3
599,750,38,comp4
600,750,41,comp1
601,750,68,comp2
602,750,79,comp3
603,750,79,comp2
604,750,91,comp2
605,750,91,comp1
606,774,2,comp3
607,774,9,comp4
608,774,76,comp2
609,774,76,comp1
610,774,99,comp1
611,798,10,comp2
612,798,20,comp2
613,798,20,comp3
614,798,25,comp2
615,798,25,comp3
616,798,37,comp4
617,798,37,comp3
618,798,40,comp2
619,798,52,comp3
620,798,66,comp3
621,798,88,comp2
622,798,88,comp1
623,822,1,comp4
624,822,1,comp3
625,822,11,comp4
626,822,15,comp1
627,822,23,comp1
628,822,59,comp4
629,822,59,comp1
630,822,64,comp2
631,822,69,comp4
632,822,84,comp2
633,822,84,comp3
634,822,90,comp1
635,822,95,comp2
636,846,26,comp4
637,846,35,comp3
638,846,42,comp2
639,846,42,comp4
640,846,43,comp1
641,846,55,comp1
642,846,78,comp4
643,870,3,comp1
644,870,6,comp4
645,870,6,comp3
646,870,12,comp2
647,870,22,comp1
648,870,22,comp3
649,870,31,comp2
650,870,36,comp4
651,870,45,comp1
652,870,75,comp4
653,894,46,comp4
654,894,46,comp1
655,894,57,comp1
656,894,57,comp4
657,894,72,comp4
658,894,74,comp3
659,894,86,comp2
660,894,89,comp1
661,894,94,comp1
662,918,5,comp3
663,918,7,comp1
664,918,7,comp2
665,918,30,comp2
666,918,30,comp4
667,918,47,comp4
668,918,97,comp3
669,942,27,comp3
670,942,32,comp4
671,966,13,comp1
672,966,48,comp2
673,966,71,comp1
674,966,77,comp1
675,966,77,comp2
676,990,87,comp2
677,1014,19,comp1
678,1014,53,comp4
679,1014,61,comp4
680,1014,62,comp3
681,1014,63,comp3
682,1014,70,comp3
683,1014,80,comp3
684,1014,100,comp1
685,1038,56,comp4
686,1062,18,comp4
687,1062,18,comp2
688,1062,44,comp3
689,1062,49,comp1
690,1062,50,comp3
691,1062,54,comp3
692,1062,60,comp4
693,1062,85,comp4
694,1062,98,comp1
695,1062,98,comp3
696,1086,14,comp3
697,1086,17,comp2
698,1086,17,comp1
699,1086,28,comp2
700,1086,33,comp3
701,1086,33,comp1
702,1086,34,comp3
703,1086,39,comp2
704,1086,58,comp2
705,1086,65,comp3
706,1086,67,comp3
707,1086,83,comp3
708,1086,93,comp1
709,1110,4,comp1
710,1110,16,comp4
711,1110,24,comp1
712,1110,29,comp2
713,1110,38,comp1
714,1110,38,comp4
715,1110,68,comp1
716,1110,68,comp2
717,1110,73,comp4
718,1110,79,comp1
719,1110,81,comp1
720,1110,91,comp1
721,1110,91,comp3
722,1134,2,comp3
723,1134,9,comp2
724,1134,76,comp3
725,1134,96,comp3
726,1134,99,comp2
727,1158,10,comp2
728,1158,20,comp3
729,1158,37,comp1
730,1158,37,comp4
731,1158,40,comp2
732,1158,40,comp1
733,1158,52,comp3
734,1158,52,comp4
735,1158,66,comp3
736,1158,66,comp1
737,1158,88,comp4
738,1182,1,comp3
739,1182,11,comp3
740,1182,15,comp3
741,1182,59,comp4
742,1182,64,comp4
743,1182,69,comp1
744,1182,69,comp3
745,1182,84,comp1
746,1182,84,comp2
747,1182,90,comp1
748,1182,90,comp2
749,1182,92,comp3
750,1182,95,comp4
751,1206,35,comp1
752,1206,42,comp4
753,1206,43,comp2
754,1206,43,comp4
755,1206,55,comp3
756,1206,78,comp2
757,1230,3,comp1
758,1230,3,comp3
759,1230,6,comp4
760,1230,6,comp3
761,1230,12,comp1
762,1230,22,comp1
763,1230,31,comp4
764,1230,36,comp1
765,1230,36,comp3
766,1230,45,comp2
767,1230,45,comp4
768,1230,75,comp2
769,1254,21,comp1
770,1254,46,comp2
771,1254,57,comp1
772,1254,72,comp4
773,1254,86,comp3
774,1254,86,comp4
775,1254,89,comp1
776,1254,94,comp4
777,1278,5,comp4
778,1278,5,comp1
779,1278,7,comp1
780,1278,7,comp2
781,1278,30,comp2
782,1278,47,comp4
783,1278,97,comp3
784,1302,27,comp4
785,1302,27,comp2
786,1302,32,comp4
787,1302,32,comp2
788,1326,13,comp2
789,1326,48,comp4
790,1326,71,comp2
791,1350,87,comp2
792,1350,87,comp4
793,1374,19,comp4
794,1374,53,comp2
795,1374,61,comp3
796,1374,61,comp2
797,1374,62,comp3
798,1374,63,comp1
799,1374,70,comp3
800,1422,18,comp2
801,1422,44,comp4
802,1422,49,comp4
803,1422,50,comp4
804,1422,54,comp4
805,1422,60,comp1
806,1422,85,comp3
807,1422,98,comp4
808,1422,98,comp1
809,1446,14,comp1
810,1446,28,comp4
811,1446,33,comp2
812,1446,34,comp3
813,1446,39,comp1
814,1446,51,comp4
815,1446,58,comp2
816,1446,58,comp4
817,1446,65,comp3
818,1446,67,comp4
819,1446,93,comp2
820,1446,93,comp1
821,1470,4,comp1
822,1470,16,comp3
823,1470,29,comp1
824,1470,29,comp3
825,1470,38,comp3
826,1470,41,comp1
827,1470,68,comp3
828,1470,68,comp4
829,1470,79,comp2
830,1470,81,comp2
831,1470,81,comp1
832,1470,91,comp3
833,1494,2,comp4
834,1494,9,comp1
835,1494,9,comp3
836,1494,76,comp2
837,1494,96,comp4
838,1494,99,comp2
839,1494,99,comp3
840,1518,10,comp1
841,1518,10,comp2
842,1518,20,comp1
843,1518,25,comp2
844,1518,25,comp1
845,1518,37,comp3
846,1518,37,comp4
847,1518,40,comp2
848,1518,52,comp2
849,1518,66,comp3
850,1518,66,comp1
851,1518,88,comp2
852,1542,1,comp1
853,1542,15,comp1
854,1542,69,comp4
855,1542,84,comp2
856,1542,92,comp3
857,1542,92,comp2
858,1542,95,comp1
859,1542,95,comp4
860,1566,8,comp2
861,1566,26,comp2
862,1566,35,comp1
863,1566,35,comp2
864,1566,42,comp4
865,1566,42,comp2
866,1566,43,comp3
867,1566,55,comp4
868,1566,78,comp4
869,1566,78,comp1
870,1590,3,comp3
871,1590,3,comp2
872,1590,6,comp3
873,1590,6,comp4
874,1590,12,comp3
875,1590,12,comp4
876,1590,22,comp1
877,1590,31,comp4
878,1590,36,comp1
879,1590,45,comp4
880,1590,45,comp2
881,1614,21,comp2
882,1614,46,comp1
883,1614,57,comp4
884,1614,57,comp2
885,1614,72,comp3
886,1614,74,comp2
887,1614,86,comp3
888,1614,89,comp1
889,1614,94,comp3
890,1638,5,comp4
891,1638,7,comp2
892,1638,30,comp3
893,1638,97,comp1
894,1662,27,comp2
895,1662,32,comp3
896,1662,32,comp1
897,1686,48,comp1
898,1686,71,comp3
899,1686,77,comp4
900,1710,87,comp4
901,1710,87,comp3
902,1734,19,comp3
903,1734,53,comp4
904,1734,61,comp4
905,1734,63,comp4
906,1734,70,comp2
907,1734,70,comp4
908,1734,80,comp3
909,1734,82,comp3
910,1734,100,comp1
911,1758,56,comp3
912,1782,44,comp2
913,1782,49,comp3
914,1782,50,comp4
915,1782,50,comp1
916,1782,54,comp4
917,1782,60,comp3
918,1782,60,comp1
919,1782,85,comp3
920,1782,98,comp1
921,1806,14,comp1
922,1806,17,comp3
923,1806,28,comp2
924,1806,33,comp2
925,1806,34,comp4
926,1806,39,comp4
927,1806,51,comp3
928,1806,58,comp2
929,1806,65,comp1
930,1806,65,comp3
931,1806,67,comp2
932,1806,83,comp4
933,1806,93,comp4
934,1830,4,comp1
935,1830,4,comp3
936,1830,16,comp3
937,1830,16,comp2
938,1830,24,comp1
939,1830,24,comp2
940,1830,29,comp4
941,1830,38,comp1
942,1830,41,comp4
943,1830,41,comp2
944,1830,68,comp4
945,1830,79,comp4
946,1830,81,comp3
947,1830,91,comp3
948,1854,2,comp2
949,1854,2,comp1
950,1854,9,comp1
951,1854,76,comp2
952,1854,76,comp1
953,1854,96,comp4
954,1854,99,comp4
955,1878,10,comp1
956,1878,20,comp1
957,1878,20,comp2
958,1878,25,comp3
959,1878,37,comp1
960,1878,37,comp2
961,1878,52,comp2
962,1878,52,comp1
963,1878,66,comp1
964,1878,66,comp2
965,1878,88,comp1
966,1878,88,comp4
967,1902,1,comp1
968,1902,23,comp4
969,1902,59,comp1
970,1902,64,comp1
971,1902,69,comp1
972,1902,84,comp4
973,1902,90,comp3
974,1902,90,comp2
975,1902,92,comp2
976,1902,92,comp4
977,1902,95,comp2
978,1902,95,comp1
979,1926,8,comp4
980,1926,26,comp3
981,1926,35,comp4
982,1926,42,comp2
983,1926,43,comp2
984,1926,43,comp4
985,1926,55,comp3
986,1950,3,comp1
987,1950,6,comp4
988,1950,12,comp2
989,1950,22,comp2
990,1950,22,comp4
991,1950,31,comp3
992,1950,45,comp4
993,1950,75,comp2
994,1974,46,comp4
995,1974,57,comp4
996,1974,57,comp1
997,1974,72,comp1
998,1974,89,comp4
999,1974,89,comp2
1000,1974,94,comp2
1001,1974,94,comp4
1002,1998,5,comp4
1003,1998,7,comp3
1004,1998,7,comp2
1005,1998,30,comp4
1006,1998,47,comp1
1007,1998,97,comp1
1008,2022,27,comp2
1009,2046,13,comp1
1010,2046,48,comp4
1011,2046,48,comp3
1012,2046,71,comp1
1013,2046,71,comp2
1014,2046,77,comp1
1015,2070,87,comp1
1016,2094,53,comp1
1017,2094,61,comp3
1018,2094,62,comp3
1019,2094,62,comp1
1020,2094,63,comp4
1021,2094,63,comp2
1022,2094,70,comp3
1023,2094,80,comp4
1024,2094,82,comp2
1025,2094,82,comp1
1026,2094,100,comp1
1027,2118,56,comp3
1028,2142,18,comp1
1029,2142,44,comp1
1030,2142,44,comp4
1031,2142,49,comp1
1032,2142,50,comp4
1033,2142,54,comp3
1034,2142,54,comp2
1035,2142,85,comp1
1036,2142,85,comp3
1037,2142,98,comp1
1038,2166,14,comp4
1039,2166,17,comp2
1040,2166,17,comp4
1041,2166,28,comp2
1042,2166,33,comp4
1043,2166,33,comp2
1044,2166,34,comp4
1045,2166,39,comp2
1046,2166,39,comp4
1047,2166,51,comp2
1048,2166,58,comp2
1049,2166,65,comp1
1050,2166,65,comp3
1051,2166,67,comp3
1052,2166,83,comp4
1053,2166,93,comp2
1054,2190,4,comp2
1055,2190,4,comp4
1056,2190,16,comp1
1057,2190,24,comp4
1058,2190,29,comp4
1059,2190,38,comp2
1060,2190,68,comp2
1061,2190,73,comp1
1062,2190,79,comp1
1063,2190,81,comp3
1064,2190,81,comp1
1065,2190,91,comp1
1066,2214,2,comp3
1067,2214,9,comp1
1068,2214,76,comp3
1069,2214,96,comp4
1070,2214,99,comp2
1071,2238,10,comp2
1072,2238,20,comp1
1073,2238,20,comp3
1074,2238,25,comp1
1075,2238,37,comp2
1076,2238,40,comp1
1077,2238,52,comp2
1078,2238,52,comp3
1079,2238,66,comp3
1080,2238,66,comp4
1081,2238,88,comp2
1082,2262,1,comp3
1083,2262,11,comp4
1084,2262,15,comp3
1085,2262,23,comp1
1086,2262,23,comp4
1087,2262,59,comp4
1088,2262,64,comp3
1089,2262,64,comp2
1090,2262,69,comp1
1091,2262,84,comp2
1092,2262,90,comp4
1093,2262,90,comp1
1094,2262,92,comp3
1095,2262,95,comp4
1096,2286,8,comp3
1097,2286,26,comp1
1098,2286,35,comp3
1099,2286,42,comp2
1100,2286,42,comp3
1101,2286,43,comp1
1102,2286,55,comp4
1103,2286,78,comp2
1104,2310,3,comp2
1105,2310,6,comp1
1106,2310,12,comp2
1107,2310,12,comp1
1108,2310,22,comp3
1109,2310,31,comp4
1110,2310,31,comp3
1111,2310,36,comp4
1112,2310,36,comp1
1113,2310,45,comp3
1114,2310,75,comp1
1115,2310,75,comp3
1116,2334,21,comp4
1117,2334,46,comp4
1118,2334,57,comp1
1119,2334,57,comp4
1120,2334,72,comp1
1121,2334,86,comp4
1122,2358,5,comp1
1123,2358,7,comp2
1124,2358,30,comp3
1125,2358,30,comp2
1126,2358,47,comp2
1127,2358,97,comp2
1128,2382,32,comp4
1129,2382,32,comp1
1130,2406,13,comp3
1131,2406,13,comp4
1132,2406,48,comp3
1133,2406,77,comp4
1134,2406,77,comp1
1135,2430,87,comp1
1136,2454,19,comp1
1137,2454,19,comp4
1138,2454,53,comp3
1139,2454,53,comp4
1140,2454,61,comp3
1141,2454,62,comp2
1142,2454,62,comp1
1143,2454,63,comp1
1144,2454,63,comp3
1145,2454,70,comp4
1146,2454,70,comp2
1147,2454,80,comp1
1148,2454,80,comp2
1149,2454,82,comp2
1150,2454,82,comp4
1151,2454,100,comp1
1152,2478,56,comp4
1153,2478,56,comp1
1154,2502,18,comp1
1155,2502,18,comp3
1156,2502,44,comp1
1157,2502,49,comp1
1158,2502,49,comp4
1159,2502,54,comp3
1160,2502,60,comp3
1161,2502,60,comp2
1162,2502,85,comp3
1163,2502,98,comp3
1164,2526,14,comp4
1165,2526,17,comp4
1166,2526,28,comp3
1167,2526,33,comp3
1168,2526,34,comp1
1169,2526,39,comp4
1170,2526,39,comp2
1171,2526,51,comp2
1172,2526,65,comp1
1173,2526,67,comp3
1174,2526,93,comp1
1175,2526,93,comp3
1176,2550,4,comp3
1177,2550,16,comp4
1178,2550,24,comp3
1179,2550,29,comp3
1180,2550,38,comp4
1181,2550,38,comp3
1182,2550,41,comp3
1183,2550,68,comp3
1184,2550,73,comp4
1185,2550,79,comp3
1186,2550,79,comp2
1187,2550,81,comp2
1188,2574,2,comp2
1189,2574,9,comp4
1190,2574,76,comp3
1191,2574,96,comp4
1192,2574,96,comp2
1193,2574,99,comp3
1194,2598,10,comp4
1195,2598,20,comp4
1196,2598,20,comp3
1197,2598,25,comp3
1198,2598,37,comp4
1199,2598,37,comp1
1200,2598,40,comp1
1201,2598,52,comp3
1202,2598,52,comp1
1203,2598,66,comp3
1204,2598,88,comp4
1205,2622,1,comp2
1206,2622,11,comp2
1207,2622,11,comp3
1208,2622,15,comp2
1209,2622,23,comp1
1210,2622,59,comp3
1211,2622,64,comp2
1212,2622,69,comp4
1213,2622,84,comp3
1214,2622,90,comp4
1215,2622,92,comp2
1216,2622,92,comp1
1217,2622,95,comp3
1218,2622,95,comp2
1219,2646,8,comp2
1220,2646,35,comp3
1221,2646,42,comp2
1222,2646,42,comp3
1223,2646,43,comp2
1224,2646,43,comp4
1225,2646,55,comp2
1226,2646,78,comp2
1227,2670,3,comp3
1228,2670,6,comp3
1229,2670,6,comp4
1230,2670,12,comp3
1231,2670,22,comp2
1232,2670,31,comp3
1233,2670,36,comp3
1234,2670,45,comp1
1235,2670,75,comp1
1236,2694,21,comp2
1237,2694,46,comp4
1238,2694,57,comp2
1239,2694,72,comp2
1240,2694,74,comp4
1241,2694,89,comp2
1242,2718,5,comp3
1243,2718,5,comp2
1244,2718,7,comp1
1245,2718,30,comp4
1246,2718,97,comp2
1247,2742,27,comp3
1248,2742,27,comp4
1249,2742,32,comp1
1250,2766,13,comp3
1251,2766,13,comp4
1252,2766,71,comp2
1253,2766,77,comp3
1254,2766,77,comp1
1255,2790,87,comp2
1256,2814,19,comp2
1257,2814,19,comp3
1258,2814,61,comp2
1259,2814,62,comp2
1260,2814,63,comp1
1261,2814,70,comp4
1262,2814,80,comp2
1263,2814,82,comp2
1264,2814,100,comp1
1265,2814,100,comp4
1266,2838,56,comp2
1267,2838,56,comp4
1268,2862,44,comp1
1269,2862,49,comp4
1270,2862,50,comp2
1271,2862,50,comp3
1272,2862,54,comp2
1273,2862,60,comp2
1274,2862,98,comp4
1275,2862,98,comp2
1276,2886,14,comp2
1277,2886,14,comp3
1278,2886,17,comp4
1279,2886,28,comp1
1280,2886,33,comp2
1281,2886,34,comp3
1282,2886,39,comp2
1283,2886,51,comp1
1284,2886,58,comp3
1285,2886,67,comp2
1286,2886,83,comp3
1287,2886,93,comp2
1288,2910,4,comp4
1289,2910,16,comp1
1290,2910,24,comp4
1291,2910,29,comp2
1292,2910,38,comp3
1293,2910,38,comp4
1294,2910,41,comp1
1295,2910,68,comp3
1296,2910,73,comp2
1297,2910,73,comp3
1298,2910,79,comp2
1299,2910,81,comp2
1300,2910,91,comp2
1301,2934,2,comp2
1302,2934,9,comp1
1303,2934,76,comp2
1304,2934,96,comp3
1305,2934,96,comp4
1306,2934,99,comp2
1307,2958,20,comp4
1308,2958,25,comp4
1309,2958,40,comp4
1310,2958,52,comp2
1311,2958,66,comp4
1312,2958,88,comp3
1313,2958,88,comp4
1314,2982,1,comp3
1315,2982,1,comp2
1316,2982,11,comp4
1317,2982,11,comp3
1318,2982,15,comp2
1319,2982,23,comp1
1320,2982,23,comp4
1321,2982,59,comp3
1322,2982,64,comp4
1323,2982,84,comp4
1324,2982,90,comp1
1325,2982,90,comp4
1326,2982,92,comp1
1327,2982,95,comp1
1328,2982,95,comp2
1329,3006,8,comp2
1330,3006,26,comp2
1331,3006,26,comp4
1332,3006,35,comp3
1333,3006,35,comp4
1334,3006,42,comp1
1335,3006,42,comp4
1336,3006,43,comp4
1337,3006,43,comp3
1338,3006,55,comp2
1339,3006,78,comp3
1340,3030,3,comp4
1341,3030,6,comp2
1342,3030,6,comp4
1343,3030,12,comp1
1344,3030,22,comp2
1345,3030,31,comp4
1346,3030,36,comp4
1347,3030,36,comp3
1348,3030,45,comp2
1349,3030,75,comp3
1350,3030,75,comp4
1351,3054,21,comp1
1352,3054,46,comp1
1353,3054,46,comp2
1354,3054,57,comp1
1355,3054,72,comp2
1356,3054,74,comp2
1357,3054,86,comp1
1358,3054,89,comp2
1359,3054,94,comp3
1360,3078,5,comp4
1361,3078,7,comp1
1362,3078,7,comp4
1363,3078,30,comp4
1364,3078,47,comp1
1365,3078,97,comp2
1366,3078,97,comp4
1367,3102,27,comp3
1368,3102,32,comp2
1369,3126,13,comp4
1370,3126,48,comp4
1371,3126,48,comp2
1372,3126,71,comp2
1373,3126,77,comp2
1374,3126,77,comp1
1375,3150,87,comp2
1376,3150,87,comp1
1377,3174,19,comp1
1378,3174,19,comp2
1379,3174,53,comp2
1380,3174,53,comp3
1381,3174,61,comp1
1382,3174,62,comp1
1383,3174,63,comp4
1384,3174,70,comp4
1385,3174,70,comp3
1386,3174,80,comp1
1387,3174,80,comp2
1388,3174,82,comp3
1389,3174,82,comp1
1390,3174,100,comp3
1391,3198,56,comp2
1392,3222,18,comp2
1393,3222,18,comp4
1394,3222,49,comp4
1395,3222,49,comp2
1396,3222,50,comp4
1397,3222,50,comp2
1398,3222,54,comp1
1399,3222,60,comp2
1400,3222,85,comp1
1401,3222,98,comp1
1402,3246,14,comp2
1403,3246,14,comp4
1404,3246,17,comp2
1405,3246,17,comp1
1406,3246,28,comp1
1407,3246,28,comp3
1408,3246,34,comp3
1409,3246,34,comp4
1410,3246,39,comp1
1411,3246,51,comp3
1412,3246,58,comp1
1413,3246,65,comp2
1414,3246,67,comp3
1415,3246,67,comp2
1416,3246,83,comp4
1417,3246,83,comp1
1418,3246,93,comp4
1419,3270,4,comp3
1420,3270,16,comp3
1421,3270,24,comp1
1422,3270,38,comp4
1423,3270,38,comp3
1424,3270,41,comp3
1425,3270,41,comp4
1426,3270,73,comp1
1427,3270,79,comp4
1428,3270,81,comp1
1429,3270,81,comp3
1430,3270,91,comp2
1431,3294,2,comp4
1432,3294,9,comp1
1433,3294,76,comp1
1434,3294,99,comp1
1435,3318,10,comp2
1436,3318,10,comp4
1437,3318,25,comp3
1438,3318,37,comp3
1439,3318,52,comp1
1440,3318,66,comp1
1441,3318,66,comp2
1442,3318,88,comp1
1443,3318,88,comp3
1444,3342,1,comp2
1445,3342,11,comp3
1446,3342,11,comp4
1447,3342,15,comp3
1448,3342,23,comp2
1449,3342,59,comp4
1450,3342,64,comp4
1451,3342,64,comp3
1452,3342,69,comp2
1453,3342,84,comp4
1454,3342,84,comp1
1455,3342,90,comp2
1456,3342,92,comp3
1457,3342,95,comp2
1458,3366,8,comp2
1459,3366,26,comp2
1460,3366,35,comp4
1461,3366,35,comp1
1462,3366,42,comp4
1463,3366,43,comp4
1464,3366,43,comp2
1465,3366,55,comp3
1466,3366,78,comp3
1467,3390,3,comp2
1468,3390,6,comp2
1469,3390,12,comp1
1470,3390,22,comp3
1471,3390,22,comp1
1472,3390,31,comp4
1473,3390,31,comp1
1474,3390,36,comp3
1475,3390,45,comp4
1476,3390,75,comp4
1477,3390,75,comp3
1478,3414,46,comp1
1479,3414,46,comp2
1480,3414,57,comp3
1481,3414,57,comp1
1482,3414,72,comp3
1483,3414,72,comp1
1484,3414,74,comp2
1485,3414,86,comp1
1486,3414,89,comp4
1487,3414,94,comp4
1488,3438,5,comp2
1489,3438,7,comp2
1490,3438,7,comp3
1491,3438,30,comp4
1492,3438,30,comp3
1493,3438,47,comp1
1494,3438,97,comp4
1495,3438,97,comp2
1496,3462,27,comp3
1497,3462,32,comp1
1498,3486,13,comp2
1499,3486,48,comp4
1500,3486,77,comp4
1501,3486,77,comp1
1502,3510,87,comp1
1503,3534,19,comp1
1504,3534,19,comp2
1505,3534,53,comp3
1506,3534,61,comp3
1507,3534,61,comp2
1508,3534,62,comp4
1509,3534,63,comp2
1510,3534,63,comp1
1511,3534,70,comp4
1512,3534,70,comp2
1513,3534,82,comp4
1514,3534,100,comp3
1515,3534,100,comp4
1516,3558,56,comp1
1517,3558,56,comp4
1518,3582,18,comp3
1519,3582,44,comp3
1520,3582,49,comp1
1521,3582,50,comp2
1522,3582,50,comp4
1523,3582,54,comp1
1524,3582,60,comp1
1525,3582,85,comp3
1526,3582,98,comp3
1527,3606,14,comp1
1528,3606,17,comp4
1529,3606,28,comp4
1530,3606,28,comp1
1531,3606,33,comp2
1532,3606,34,comp4
1533,3606,34,comp3
1534,3606,39,comp2
1535,3606,51,comp2
1536,3606,58,comp2
1537,3606,58,comp4
1538,3606,65,comp1
1539,3606,67,comp4
1540,3606,83,comp2
1541,3606,93,comp3
1542,3606,93,comp2
1543,3630,4,comp4
1544,3630,16,comp2
1545,3630,24,comp2
1546,3630,24,comp4
1547,3630,29,comp2
1548,3630,29,comp4
1549,3630,41,comp3
1550,3630,41,comp2
1551,3630,68,comp4
1552,3630,73,comp2
1553,3630,73,comp3
1554,3630,79,comp4
1555,3630,81,comp1
1556,3654,2,comp3
1557,3654,9,comp4
1558,3654,76,comp1
1559,3654,96,comp1
1560,3654,96,comp3
1561,3654,99,comp4
1562,3678,10,comp1
1563,3678,25,comp1
1564,3678,25,comp2
1565,3678,37,comp4
1566,3678,40,comp3
1567,3678,40,comp4
1568,3678,52,comp2
1569,3678,66,comp4
1570,3678,66,comp1
1571,3678,88,comp2
1572,3702,1,comp3
1573,3702,11,comp4
1574,3702,15,comp2
1575,3702,15,comp1
1576,3702,23,comp3
1577,3702,59,comp1
1578,3702,64,comp1
1579,3702,69,comp1
1580,3702,84,comp4
1581,3702,90,comp3
1582,3702,92,comp4
1583,3702,95,comp3
1584,3726,8,comp1
1585,3726,26,comp2
1586,3726,26,comp1
1587,3726,35,comp3
1588,3726,35,comp1
1589,3726,42,comp2
1590,3726,43,comp1
1591,3726,43,comp2
1592,3726,55,comp4
1593,3726,78,comp4
1594,3750,3,comp4
1595,3750,22,comp1
1596,3750,31,comp4
1597,3750,36,comp1
1598,3750,36,comp4
1599,3750,45,comp4
1600,3750,75,comp2
1601,3750,75,comp4
1602,3774,21,comp2
1603,3774,21,comp1
1604,3774,46,comp2
1605,3774,46,comp4
1606,3774,57,comp2
1607,3774,72,comp1
1608,3774,72,comp2
1609,3774,74,comp4
1610,3774,86,comp2
1611,3774,89,comp2
1612,3774,89,comp3
1613,3774,94,comp4
1614,3798,5,comp3
1615,3798,7,comp3
1616,3798,7,comp2
1617,3798,30,comp2
1618,3798,30,comp4
1619,3798,47,comp4
1620,3798,97,comp1
1621,3798,97,comp2
1622,3822,27,comp2
1623,3822,27,comp3
1624,3822,32,comp3
1625,3846,13,comp2
1626,3846,13,comp3
1627,3846,48,comp1
1628,3846,71,comp4
1629,3846,71,comp1
1630,3846,77,comp1
1631,3894,19,comp1
1632,3894,53,comp3
1633,3894,62,comp3
1634,3894,62,comp1
1635,3894,63,comp1
1636,3894,63,comp4
1637,3894,70,comp4
1638,3894,70,comp3
1639,3894,80,comp1
1640,3894,80,comp2
1641,3894,82,comp4
1642,3918,56,comp4
1643,3918,56,comp3
1644,3942,44,comp1
1645,3942,50,comp2
1646,3942,54,comp2
1647,3942,54,comp4
1648,3942,60,comp3
1649,3942,85,comp2
1650,3942,98,comp2
1651,3966,14,comp4
1652,3966,17,comp3
1653,3966,28,comp2
1654,3966,28,comp3
1655,3966,33,comp4
1656,3966,34,comp4
1657,3966,39,comp2
1658,3966,51,comp1
1659,3966,58,comp4
1660,3966,65,comp3
1661,3966,67,comp2
1662,3966,67,comp1
1663,3966,83,comp3
1664,3966,83,comp2
1665,3966,93,comp2
1666,3990,4,comp4
1667,3990,16,comp1
1668,3990,24,comp1
1669,3990,29,comp1
1670,3990,38,comp4
1671,3990,41,comp4
1672,3990,41,comp3
1673,3990,68,comp1
1674,3990,73,comp3
1675,3990,79,comp3
1676,3990,79,comp2
1677,3990,81,comp4
1678,3990,81,comp2
1679,3990,91,comp1
1680,4014,2,comp2
1681,4014,2,comp4
1682,4014,9,comp2
1683,4014,9,comp3
1684,4014,76,comp1
1685,4014,96,comp4
1686,4014,99,comp1
1687,4038,10,comp3
1688,4038,10,comp2
1689,4038,20,comp2
1690,4038,25,comp1
1691,4038,37,comp1
1692,4038,40,comp2
1693,4038,52,comp2
1694,4038,88,comp3
1695,4062,1,comp1
1696,4062,1,comp4
1697,4062,11,comp3
1698,4062,15,comp2
1699,4062,15,comp1
1700,4062,23,comp3
1701,4062,59,comp2
1702,4062,59,comp4
1703,4062,64,comp4
1704,4062,69,comp1
1705,4062,84,comp4
1706,4062,84,comp3
1707,4062,90,comp2
1708,4062,92,comp4
1709,4062,95,comp3
1710,4086,8,comp2
1711,4086,8,comp3
1712,4086,26,comp4
1713,4086,26,comp3
1714,4086,35,comp4
1715,4086,42,comp2
1716,4086,42,comp3
1717,4086,43,comp2
1718,4086,55,comp1
1719,4086,78,comp2
1720,4110,3,comp3
1721,4110,3,comp4
1722,4110,6,comp1
1723,4110,22,comp1
1724,4110,22,comp4
1725,4110,31,comp4
1726,4110,31,comp1
1727,4110,36,comp2
1728,4110,36,comp3
1729,4110,45,comp3
1730,4110,75,comp3
1731,4134,21,comp2
1732,4134,46,comp3
1733,4134,46,comp1
1734,4134,57,comp2
1735,4134,72,comp2
1736,4134,74,comp3
1737,4134,74,comp2
1738,4134,86,comp1
1739,4134,89,comp4
1740,4134,89,comp1
1741,4134,94,comp4
1742,4158,5,comp2
1743,4158,7,comp3
1744,4158,30,comp2
1745,4158,30,comp3
1746,4158,47,comp3
1747,4182,27,comp2
1748,4182,27,comp4
1749,4182,32,comp2
1750,4182,32,comp4
1751,4206,13,comp4
1752,4206,13,comp3
1753,4206,71,comp1
1754,4206,71,comp3
1755,4206,77,comp3
1756,4230,87,comp3
1757,4254,19,comp4
1758,4254,19,comp2
1759,4254,53,comp2
1760,4254,61,comp2
1761,4254,61,comp1
1762,4254,62,comp4
1763,4254,62,comp2
1764,4254,63,comp1
1765,4254,70,comp3
1766,4254,80,comp3
1767,4254,80,comp1
1768,4254,82,comp1
1769,4254,100,comp3
1770,4278,56,comp3
1771,4302,18,comp2
1772,4302,44,comp2
1773,4302,44,comp1
1774,4302,49,comp2
1775,4302,49,comp1
1776,4302,50,comp4
1777,4302,54,comp3
1778,4302,60,comp1
1779,4302,85,comp3
1780,4302,85,comp1
1781,4302,98,comp1
1782,4302,98,comp4
1783,4326,14,comp3
1784,4326,28,comp4
1785,4326,39,comp2
1786,4326,51,comp2
1787,4326,51,comp1
1788,4326,58,comp4
1789,4326,58,comp2
1790,4326,65,comp4
1791,4326,67,comp3
1792,4326,83,comp2
1793,4326,83,comp3
1794,4326,93,comp3
1795,4326,93,comp1
1796,4350,4,comp1
1797,4350,16,comp3
1798,4350,16,comp2
1799,4350,24,comp3
1800,4350,29,comp1
1801,4350,38,comp2
1802,4350,41,comp3
1803,4350,68,comp4
1804,4350,68,comp1
1805,4350,73,comp3
1806,4350,79,comp1
1807,4350,81,comp1
1808,4350,81,comp3
1809,4350,91,comp2
1810,4374,2,comp2
1811,4374,9,comp1
1812,4374,9,comp3
1813,4374,76,comp4
1814,4374,96,comp2
1815,4374,99,comp2
1816,4374,99,comp4
1817,4398,10,comp2
1818,4398,20,comp2
1819,4398,37,comp3
1820,4398,40,comp1
1821,4398,40,comp2
1822,4398,52,comp3
1823,4398,52,comp2
1824,4398,66,comp4
1825,4398,88,comp1
1826,4422,1,comp2
1827,4422,11,comp4
1828,4422,23,comp1
1829,4422,59,comp2
1830,4422,64,comp4
1831,4422,69,comp1
1832,4422,84,comp3
1833,4422,84,comp1
1834,4422,90,comp2
1835,4422,92,comp3
1836,4422,95,comp2
1837,4446,8,comp1
1838,4446,26,comp3
1839,4446,26,comp1
1840,4446,35,comp4
1841,4446,35,comp3
1842,4446,42,comp1
1843,4446,43,comp2
1844,4446,55,comp3
1845,4446,78,comp2
1846,4446,78,comp1
1847,4470,3,comp3
1848,4470,3,comp4
1849,4470,6,comp1
1850,4470,6,comp2
1851,4470,12,comp1
1852,4470,12,comp4
1853,4470,22,comp1
1854,4470,22,comp2
1855,4470,31,comp1
1856,4470,31,comp3
1857,4470,36,comp3
1858,4470,36,comp2
1859,4470,45,comp2
1860,4470,75,comp4
1861,4470,75,comp3
1862,4494,21,comp2
1863,4494,21,comp1
1864,4494,46,comp4
1865,4494,46,comp2
1866,4494,57,comp2
1867,4494,72,comp3
1868,4494,72,comp2
1869,4494,74,comp4
1870,4494,86,comp3
1871,4494,94,comp1
1872,4494,94,comp2
1873,4518,5,comp2
1874,4518,7,comp2
1875,4518,30,comp2
1876,4518,47,comp4
1877,4518,47,comp2
1878,4518,97,comp3
1879,4542,27,comp3
1880,4542,27,comp1
1881,4542,32,comp3
1882,4542,32,comp2
1883,4566,13,comp2
1884,4566,48,comp2
1885,4566,71,comp1
1886,4566,71,comp3
1887,4566,77,comp1
1888,4614,19,comp1
1889,4614,53,comp1
1890,4614,61,comp3
1891,4614,62,comp2
1892,4614,62,comp3
1893,4614,63,comp3
1894,4614,63,comp1
1895,4614,70,comp4
1896,4614,70,comp1
1897,4614,80,comp2
1898,4614,82,comp1
1899,4614,100,comp3
1900,4638,56,comp4
1901,4638,56,comp3
1902,4662,18,comp3
1903,4662,44,comp3
1904,4662,49,comp4
1905,4662,50,comp3
1906,4662,54,comp2
1907,4662,54,comp3
1908,4662,60,comp3
1909,4662,98,comp4
1910,4686,14,comp1
1911,4686,14,comp3
1912,4686,17,comp2
1913,4686,28,comp4
1914,4686,33,comp4
1915,4686,33,comp2
1916,4686,51,comp4
1917,4686,58,comp2
1918,4686,65,comp3
1919,4686,67,comp2
1920,4686,83,comp1
1921,4686,83,comp4
1922,4686,93,comp3
1923,4686,93,comp2
1924,4710,4,comp2
1925,4710,16,comp4
1926,4710,24,comp2
1927,4710,24,comp1
1928,4710,29,comp3
1929,4710,29,comp1
1930,4710,38,comp3
1931,4710,41,comp3
1932,4710,68,comp4
1933,4710,68,comp1
1934,4710,73,comp1
1935,4710,79,comp3
1936,4710,81,comp4
1937,4710,81,comp3
1938,4710,91,comp1
1939,4734,2,comp4
1940,4734,2,comp1
1941,4734,9,comp2
1942,4734,76,comp1
1943,4734,96,comp2
1944,4734,96,comp3
1945,4734,99,comp3
1946,4734,99,comp1
1947,4758,10,comp4
1948,4758,10,comp2
1949,4758,20,comp1
1950,4758,25,comp1
1951,4758,37,comp3
1952,4758,37,comp4
1953,4758,40,comp2
1954,4758,40,comp4
1955,4758,52,comp4
1956,4758,66,comp3
1957,4782,1,comp1
1958,4782,23,comp2
1959,4782,59,comp1
1960,4782,64,comp4
1961,4782,64,comp1
1962,4782,69,comp1
1963,4782,84,comp3
1964,4782,90,comp2
1965,4782,92,comp4
1966,4782,95,comp3
1967,4806,8,comp3
1968,4806,26,comp4
1969,4806,35,comp4
1970,4806,35,comp2
1971,4806,42,comp4
1972,4806,43,comp1
1973,4806,55,comp3
1974,4806,78,comp4
1975,4806,78,comp1
1976,4830,3,comp2
1977,4830,6,comp2
1978,4830,6,comp3
1979,4830,12,comp4
1980,4830,31,comp2
1981,4830,36,comp3
1982,4830,45,comp3
1983,4830,45,comp4
1984,4830,75,comp2
1985,4854,46,comp2
1986,4854,57,comp3
1987,4854,57,comp4
1988,4854,72,comp1
1989,4854,74,comp2
1990,4854,74,comp3
1991,4854,86,comp4
1992,4854,89,comp2
1993,4854,94,comp2
1994,4878,5,comp2
1995,4878,7,comp2
1996,4878,7,comp3
1997,4878,47,comp4
1998,4878,97,comp4
1999,4878,97,comp1
2000,4902,32,comp2
2001,4926,13,comp4
2002,4926,48,comp1
2003,4926,48,comp2
2004,4926,71,comp4
2005,4926,77,comp3
2006,4926,77,comp4
2007,4950,87,comp4
2008,4950,87,comp2
2009,4974,19,comp3
2010,4974,53,comp4
2011,4974,61,comp3
2012,4974,62,comp4
2013,4974,63,comp4
2014,4974,70,comp3
2015,4974,80,comp3
2016,4974,80,comp4
2017,4974,82,comp1
2018,4974,100,comp1
2019,4974,100,comp2
2020,5022,18,comp2
2021,5022,18,comp3
2022,5022,44,comp2
2023,5022,44,comp4
2024,5022,49,comp3
2025,5022,49,comp1
2026,5022,50,comp3
2027,5022,54,comp2
2028,5022,54,comp3
2029,5022,60,comp3
2030,5022,60,comp2
2031,5022,85,comp2
2032,5022,85,comp3
2033,5022,98,comp2
2034,5022,98,comp3
2035,5046,14,comp3
2036,5046,14,comp2
2037,5046,17,comp2
2038,5046,17,comp1
2039,5046,28,comp4
2040,5046,33,comp1
2041,5046,34,comp1
2042,5046,34,comp2
2043,5046,39,comp3
2044,5046,39,comp1
2045,5046,51,comp2
2046,5046,58,comp3
2047,5046,58,comp2
2048,5046,65,comp3
2049,5046,67,comp2
2050,5046,83,comp4
2051,5046,93,comp1
2052,5070,4,comp4
2053,5070,24,comp3
2054,5070,24,comp4
2055,5070,29,comp3
2056,5070,29,comp4
2057,5070,38,comp2
2058,5070,41,comp4
2059,5070,41,comp3
2060,5070,68,comp3
2061,5070,68,comp4
2062,5070,73,comp1
2063,5070,79,comp1
2064,5094,2,comp4
2065,5094,9,comp1
2066,5094,76,comp2
2067,5094,76,comp1
2068,5094,96,comp2
2069,5094,99,comp2
2070,5094,99,comp1
2071,5118,10,comp2
2072,5118,20,comp2
2073,5118,20,comp1
2074,5118,25,comp1
2075,5118,37,comp3
2076,5118,40,comp4
2077,5118,52,comp2
2078,5118,52,comp1
2079,5118,66,comp4
2080,5118,88,comp3
2081,5142,1,comp1
2082,5142,11,comp1
2083,5142,15,comp2
2084,5142,15,comp1
2085,5142,23,comp3
2086,5142,59,comp2
2087,5142,64,comp2
2088,5142,69,comp1
2089,5142,69,comp3
2090,5142,84,comp2
2091,5142,90,comp4
2092,5142,90,comp2
2093,5142,92,comp1
2094,5142,95,comp2
2095,5166,8,comp4
2096,5166,26,comp4
2097,5166,35,comp4
2098,5166,35,comp1
2099,5166,42,comp4
2100,5166,43,comp2
2101,5166,55,comp1
2102,5166,78,comp3
2103,5190,3,comp2
2104,5190,6,comp4
2105,5190,12,comp4
2106,5190,22,comp4
2107,5190,31,comp1
2108,5190,36,comp3
2109,5190,45,comp4
2110,5190,75,comp1
2111,5214,21,comp4
2112,5214,21,comp2
2113,5214,46,comp4
2114,5214,57,comp1
2115,5214,57,comp3
2116,5214,72,comp2
2117,5214,74,comp2
2118,5214,86,comp2
2119,5214,89,comp3
2120,5214,94,comp1
2121,5238,5,comp3
2122,5238,5,comp2
2123,5238,30,comp4
2124,5238,30,comp2
2125,5238,47,comp1
2126,5262,27,comp1
2127,5262,27,comp4
2128,5262,32,comp1
2129,5286,13,comp2
2130,5286,48,comp3
2131,5286,71,comp1
2132,5286,77,comp2
2133,5310,87,comp1
2134,5334,19,comp1
2135,5334,19,comp3
2136,5334,53,comp1
2137,5334,61,comp4
2138,5334,61,comp2
2139,5334,62,comp4
2140,5334,62,comp1
2141,5334,63,comp4
2142,5334,70,comp1
2143,5334,80,comp1
2144,5334,82,comp1
2145,5334,100,comp3
2146,5382,18,comp1
2147,5382,18,comp2
2148,5382,44,comp3
2149,5382,50,comp1
2150,5382,54,comp4
2151,5382,54,comp3
2152,5382,60,comp4
2153,5382,85,comp2
2154,5382,98,comp4
2155,5382,98,comp1
2156,5406,14,comp1
2157,5406,17,comp2
2158,5406,28,comp1
2159,5406,28,comp3
2160,5406,34,comp3
2161,5406,34,comp1
2162,5406,39,comp3
2163,5406,51,comp2
2164,5406,65,comp1
2165,5406,65,comp2
2166,5406,67,comp3
2167,5406,67,comp2
2168,5406,83,comp2
2169,5406,83,comp4
2170,5406,93,comp1
2171,5406,93,comp3
2172,5430,16,comp3
2173,5430,16,comp1
2174,5430,24,comp3
2175,5430,24,comp2
2176,5430,29,comp2
2177,5430,41,comp1
2178,5430,68,comp2
2179,5430,68,comp3
2180,5430,79,comp1
2181,5430,79,comp2
2182,5430,81,comp1
2183,5430,91,comp3
2184,5454,2,comp2
2185,5454,9,comp4
2186,5454,76,comp3
2187,5454,96,comp4
2188,5454,99,comp2
2189,5478,10,comp4
2190,5478,20,comp4
2191,5478,25,comp4
2192,5478,25,comp2
2193,5478,37,comp2
2194,5478,40,comp4
2195,5478,40,comp2
2196,5478,52,comp3
2197,5478,66,comp2
2198,5478,66,comp3
2199,5502,11,comp2
2200,5502,11,comp1
2201,5502,15,comp3
2202,5502,23,comp3
2203,5502,23,comp1
2204,5502,59,comp4
2205,5502,64,comp3
2206,5502,69,comp3
2207,5502,69,comp2
2208,5502,84,comp4
2209,5502,84,comp3
2210,5502,90,comp1
2211,5502,90,comp3
2212,5502,92,comp3
2213,5502,92,comp4
2214,5502,95,comp1
2215,5502,95,comp4
2216,5526,8,comp2
2217,5526,26,comp2
2218,5526,26,comp4
2219,5526,35,comp2
2220,5526,42,comp2
2221,5526,43,comp3
2222,5526,55,comp4
2223,5526,78,comp1
2224,5550,3,comp1
2225,5550,6,comp1
2226,5550,6,comp3
2227,5550,12,comp2
2228,5550,22,comp3
2229,5550,31,comp4
2230,5550,31,comp2
2231,5550,36,comp4
2232,5550,45,comp3
2233,5550,75,comp2
2234,5574,21,comp2
2235,5574,46,comp4
2236,5574,57,comp4
2237,5574,72,comp3
2238,5574,74,comp1
2239,5574,74,comp4
2240,5574,86,comp3
2241,5574,89,comp3
2242,5574,89,comp2
2243,5574,94,comp4
2244,5598,5,comp3
2245,5598,7,comp2
2246,5598,30,comp4
2247,5598,47,comp4
2248,5598,47,comp1
2249,5598,97,comp4
2250,5622,27,comp3
2251,5622,32,comp2
2252,5646,13,comp3
2253,5646,13,comp1
2254,5646,48,comp4
2255,5646,48,comp2
2256,5646,71,comp2
2257,5646,71,comp4
2258,5646,77,comp1
2259,5670,87,comp3
2260,5694,19,comp3
2261,5694,53,comp3
2262,5694,61,comp3
2263,5694,61,comp1
2264,5694,63,comp2
2265,5694,63,comp3
2266,5694,70,comp1
2267,5694,82,comp3
2268,5694,82,comp4
2269,5694,100,comp4
2270,5718,56,comp4
2271,5742,18,comp4
2272,5742,44,comp1
2273,5742,44,comp4
2274,5742,50,comp1
2275,5742,50,comp3
2276,5742,54,comp2
2277,5742,60,comp1
2278,5742,85,comp2
2279,5742,85,comp4
2280,5742,98,comp2
2281,5742,98,comp4
2282,5766,14,comp1
2283,5766,14,comp2
2284,5766,17,comp4
2285,5766,33,comp4
2286,5766,33,comp3
2287,5766,34,comp3
2288,5766,34,comp4
2289,5766,39,comp1
2290,5766,51,comp3
2291,5766,58,comp1
2292,5766,65,comp3
2293,5766,65,comp1
2294,5766,67,comp4
2295,5766,67,comp3
2296,5766,83,comp1
2297,5766,93,comp1
2298,5790,4,comp1
2299,5790,24,comp2
2300,5790,24,comp4
2301,5790,29,comp2
2302,5790,38,comp4
2303,5790,41,comp3
2304,5790,68,comp4
2305,5790,73,comp3
2306,5790,79,comp1
2307,5790,81,comp1
2308,5814,2,comp2
2309,5814,2,comp4
2310,5814,9,comp2
2311,5814,9,comp4
2312,5814,76,comp2
2313,5814,96,comp3
2314,5814,99,comp3
2315,5814,99,comp2
2316,5838,10,comp1
2317,5838,10,comp3
2318,5838,20,comp4
2319,5838,25,comp3
2320,5838,37,comp3
2321,5838,40,comp4
2322,5838,52,comp1
2323,5838,66,comp4
2324,5838,88,comp4
2325,5838,88,comp2
2326,5862,1,comp1
2327,5862,1,comp4
2328,5862,11,comp4
2329,5862,15,comp3
2330,5862,23,comp1
2331,5862,23,comp2
2332,5862,59,comp4
2333,5862,64,comp3
2334,5862,69,comp4
2335,5862,69,comp1
2336,5862,84,comp4
2337,5862,84,comp2
2338,5862,90,comp2
2339,5862,92,comp2
2340,5862,92,comp1
2341,5862,95,comp4
2342,5886,8,comp1
2343,5886,26,comp1
2344,5886,42,comp1
2345,5886,42,comp2
2346,5886,55,comp2
2347,5886,78,comp4
2348,5910,3,comp4
2349,5910,3,comp1
2350,5910,12,comp1
2351,5910,22,comp1
2352,5910,31,comp3
2353,5910,36,comp3
2354,5910,36,comp2
2355,5910,45,comp1
2356,5910,75,comp4
2357,5934,21,comp3
2358,5934,46,comp1
2359,5934,57,comp1
2360,5934,72,comp1
2361,5934,74,comp1
2362,5934,86,comp1
2363,5934,89,comp2
2364,5934,94,comp2
2365,5934,94,comp4
2366,5958,5,comp2
2367,5958,5,comp1
2368,5958,7,comp1
2369,5958,30,comp4
2370,5958,30,comp2
2371,5958,47,comp4
2372,5958,97,comp3
2373,5958,97,comp2
2374,5982,27,comp1
2375,5982,32,comp2
2376,5982,32,comp3
2377,6006,13,comp2
2378,6006,48,comp1
2379,6006,48,comp2
2380,6006,71,comp1
2381,6030,87,comp2
2382,6054,19,comp4
2383,6054,62,comp2
2384,6054,62,comp4
2385,6054,63,comp1
2386,6054,70,comp2
2387,6054,70,comp3
2388,6054,80,comp2
2389,6054,82,comp4
2390,6054,82,comp1
2391,6054,100,comp1
2392,6078,56,comp1
2393,6102,18,comp4
2394,6102,18,comp2
2395,6102,44,comp2
2396,6102,44,comp1
2397,6102,49,comp2
2398,6102,49,comp3
2399,6102,50,comp2
2400,6102,54,comp3
2401,6102,60,comp4
2402,6102,60,comp2
2403,6102,85,comp4
2404,6102,85,comp3
2405,6102,98,comp4
2406,6102,98,comp2
2407,6126,14,comp2
2408,6126,17,comp2
2409,6126,28,comp4
2410,6126,33,comp3
2411,6126,34,comp3
2412,6126,39,comp2
2413,6126,39,comp4
2414,6126,51,comp2
2415,6126,58,comp4
2416,6126,65,comp4
2417,6126,67,comp2
2418,6126,83,comp2
2419,6126,93,comp2
2420,6150,4,comp4
2421,6150,4,comp3
2422,6150,16,comp4
2423,6150,16,comp1
2424,6150,24,comp2
2425,6150,38,comp3
2426,6150,41,comp1
2427,6150,41,comp3
2428,6150,68,comp2
2429,6150,68,comp4
2430,6150,73,comp4
2431,6150,79,comp2
2432,6150,81,comp1
2433,6150,91,comp1
2434,6174,9,comp1
2435,6174,9,comp4
2436,6174,76,comp2
2437,6174,76,comp4
2438,6174,96,comp3
2439,6174,99,comp3
2440,6174,99,comp1
2441,6198,10,comp2
2442,6198,10,comp1
2443,6198,20,comp1
2444,6198,25,comp1
2445,6198,25,comp3
2446,6198,37,comp3
2447,6198,37,comp2
2448,6198,40,comp4
2449,6198,40,comp1
2450,6198,52,comp3
2451,6198,66,comp4
2452,6198,88,comp1
2453,6222,1,comp2
2454,6222,11,comp2
2455,6222,15,comp1
2456,6222,59,comp2
2457,6222,64,comp4
2458,6222,64,comp1
2459,6222,84,comp2
2460,6222,90,comp4
2461,6222,92,comp1
2462,6222,95,comp3
2463,6222,95,comp1
2464,6246,8,comp1
2465,6246,26,comp3
2466,6246,35,comp1
2467,6246,35,comp4
2468,6246,42,comp3
2469,6246,42,comp4
2470,6246,43,comp2
2471,6246,55,comp3
2472,6246,78,comp1
2473,6270,3,comp1
2474,6270,3,comp3
2475,6270,6,comp3
2476,6270,12,comp1
2477,6270,22,comp2
2478,6270,31,comp4
2479,6270,36,comp4
2480,6270,45,comp2
2481,6270,75,comp4
2482,6294,21,comp4
2483,6294,46,comp1
2484,6294,57,comp1
2485,6294,72,comp1
2486,6294,86,comp4
2487,6294,89,comp2
2488,6294,94,comp4
2489,6294,94,comp2
2490,6318,5,comp4
2491,6318,5,comp1
2492,6318,7,comp1
2493,6318,7,comp4
2494,6318,30,comp4
2495,6318,47,comp3
2496,6318,97,comp1
2497,6342,27,comp3
2498,6342,27,comp2
2499,6342,32,comp4
2500,6342,32,comp3
2501,6366,13,comp3
2502,6366,13,comp4
2503,6366,48,comp2
2504,6366,71,comp2
2505,6366,71,comp3
2506,6366,77,comp2
2507,6390,87,comp2
2508,6414,19,comp2
2509,6414,61,comp3
2510,6414,62,comp4
2511,6414,70,comp2
2512,6414,80,comp2
2513,6414,80,comp3
2514,6414,82,comp3
2515,6414,100,comp1
2516,6438,56,comp2
2517,6438,56,comp3
2518,6462,44,comp2
2519,6462,50,comp1
2520,6462,54,comp4
2521,6462,54,comp2
2522,6462,60,comp2
2523,6462,98,comp1
2524,6462,98,comp4
2525,6486,14,comp3
2526,6486,14,comp2
2527,6486,28,comp4
2528,6486,33,comp2
2529,6486,34,comp1
2530,6486,51,comp4
2531,6486,58,comp4
2532,6486,58,comp3
2533,6486,65,comp4
2534,6486,67,comp1
2535,6486,83,comp3
2536,6486,93,comp2
2537,6510,4,comp3
2538,6510,24,comp1
2539,6510,29,comp2
2540,6510,38,comp4
2541,6510,41,comp3
2542,6510,41,comp4
2543,6510,68,comp3
2544,6510,73,comp3
2545,6510,79,comp4
2546,6510,81,comp3
2547,6510,91,comp2
2548,6510,91,comp3
2549,6534,9,comp4
2550,6534,76,comp3
2551,6534,76,comp1
2552,6534,96,comp4
2553,6534,99,comp3
2554,6558,10,comp2
2555,6558,20,comp2
2556,6558,25,comp1
2557,6558,37,comp2
2558,6558,37,comp4
2559,6558,52,comp3
2560,6558,66,comp1
2561,6558,66,comp4
2562,6558,88,comp1
2563,6558,88,comp3
2564,6582,1,comp4
2565,6582,1,comp1
2566,6582,11,comp3
2567,6582,15,comp2
2568,6582,23,comp1
2569,6582,23,comp3
2570,6582,59,comp4
2571,6582,59,comp3
2572,6582,69,comp1
2573,6582,84,comp2
2574,6582,84,comp1
2575,6582,90,comp1
2576,6582,92,comp2
2577,6582,95,comp3
2578,6582,95,comp1
2579,6606,8,comp1
2580,6606,26,comp3
2581,6606,35,comp4
2582,6606,42,comp4
2583,6606,42,comp1
2584,6606,43,comp4
2585,6606,78,comp1
2586,6630,3,comp2
2587,6630,12,comp2
2588,6630,22,comp2
2589,6630,36,comp3
2590,6630,36,comp4
2591,6630,75,comp3
2592,6654,21,comp3
2593,6654,21,comp2
2594,6654,46,comp4
2595,6654,46,comp3
2596,6654,57,comp3
2597,6654,74,comp1
2598,6654,86,comp4
2599,6654,94,comp4
2600,6678,5,comp2
2601,6678,5,comp1
2602,6678,7,comp3
2603,6678,30,comp4
2604,6678,30,comp3
2605,6678,47,comp4
2606,6678,97,comp1
2607,6702,27,comp2
2608,6702,32,comp4
2609,6726,13,comp3
2610,6726,48,comp1
2611,6726,48,comp4
2612,6726,71,comp4
2613,6726,77,comp2
2614,6750,87,comp2
2615,6774,19,comp2
2616,6774,19,comp3
2617,6774,53,comp1
2618,6774,61,comp3
2619,6774,62,comp2
2620,6774,62,comp3
2621,6774,63,comp1
2622,6774,70,comp3
2623,6774,80,comp3
2624,6774,80,comp4
2625,6774,82,comp3
2626,6774,82,comp1
2627,6774,100,comp1
2628,6774,100,comp3
2629,6798,56,comp4
2630,6822,18,comp1
2631,6822,44,comp3
2632,6822,49,comp4
2633,6822,50,comp2
2634,6822,50,comp3
2635,6822,54,comp4
2636,6822,60,comp4
2637,6822,85,comp2
2638,6822,98,comp4
2639,6846,14,comp1
2640,6846,28,comp1
2641,6846,33,comp2
2642,6846,39,comp1
2643,6846,39,comp2
2644,6846,51,comp4
2645,6846,58,comp1
2646,6846,65,comp3
2647,6846,67,comp2
2648,6846,83,comp1
2649,6846,93,comp3
2650,6870,4,comp2
2651,6870,16,comp3
2652,6870,24,comp3
2653,6870,29,comp4
2654,6870,29,comp3
2655,6870,38,comp4
2656,6870,38,comp3
2657,6870,68,comp2
2658,6870,68,comp4
2659,6870,73,comp4
2660,6870,73,comp2
2661,6870,79,comp3
2662,6870,81,comp1
2663,6870,81,comp2
2664,6870,91,comp3
2665,6894,2,comp4
2666,6894,9,comp2
2667,6894,9,comp4
2668,6894,76,comp4
2669,6894,96,comp1
2670,6894,99,comp2
2671,6918,10,comp1
2672,6918,10,comp2
2673,6918,20,comp1
2674,6918,52,comp3
2675,6918,66,comp4
2676,6918,66,comp1
2677,6918,88,comp2
2678,6918,88,comp1
2679,6942,1,comp4
2680,6942,1,comp2
2681,6942,11,comp4
2682,6942,23,comp4
2683,6942,59,comp2
2684,6942,59,comp1
2685,6942,64,comp2
2686,6942,69,comp4
2687,6942,84,comp3
2688,6942,90,comp2
2689,6942,95,comp4
2690,6942,95,comp1
2691,6966,8,comp4
2692,6966,26,comp3
2693,6966,26,comp2
2694,6966,42,comp3
2695,6966,43,comp4
2696,6966,55,comp3
2697,6966,55,comp2
2698,6966,78,comp3
2699,6990,3,comp4
2700,6990,3,comp2
2701,6990,12,comp2
2702,6990,12,comp1
2703,6990,22,comp2
2704,6990,31,comp2
2705,6990,36,comp3
2706,6990,45,comp4
2707,6990,75,comp2
2708,7014,21,comp1
2709,7014,46,comp4
2710,7014,46,comp1
2711,7014,57,comp4
2712,7014,72,comp1
2713,7014,72,comp3
2714,7014,74,comp2
2715,7014,86,comp2
2716,7014,94,comp3
2717,7038,5,comp3
2718,7038,7,comp2
2719,7038,7,comp4
2720,7038,30,comp3
2721,7038,47,comp4
2722,7038,47,comp2
2723,7038,97,comp1
2724,7038,97,comp2
2725,7062,27,comp4
2726,7062,27,comp1
2727,7086,13,comp1
2728,7086,48,comp3
2729,7086,71,comp3
2730,7086,77,comp2
2731,7110,87,comp3
2732,7134,19,comp2
2733,7134,53,comp1
2734,7134,61,comp1
2735,7134,61,comp3
2736,7134,62,comp1
2737,7134,62,comp2
2738,7134,63,comp4
2739,7134,63,comp3
2740,7134,70,comp3
2741,7134,100,comp4
2742,7158,56,comp3
2743,7182,18,comp4
2744,7182,44,comp2
2745,7182,54,comp1
2746,7182,54,comp2
2747,7182,60,comp3
2748,7182,98,comp2
2749,7206,14,comp3
2750,7206,17,comp3
2751,7206,17,comp4
2752,7206,28,comp4
2753,7206,34,comp2
2754,7206,51,comp1
2755,7206,58,comp3
2756,7206,58,comp4
2757,7206,65,comp3
2758,7206,67,comp2
2759,7206,83,comp2
2760,7206,83,comp3
2761,7230,4,comp2
2762,7230,4,comp3
2763,7230,16,comp4
2764,7230,24,comp2
2765,7230,29,comp1
2766,7230,38,comp1
2767,7230,41,comp1
2768,7230,41,comp4
2769,7230,68,comp4
2770,7230,73,comp2
2771,7230,73,comp4
2772,7230,79,comp3
2773,7230,81,comp3
2774,7230,91,comp4
2775,7254,2,comp4
2776,7254,2,comp1
2777,7254,9,comp2
2778,7254,76,comp1
2779,7254,96,comp1
2780,7254,99,comp4
2781,7278,10,comp3
2782,7278,10,comp2
2783,7278,20,comp3
2784,7278,25,comp3
2785,7278,25,comp2
2786,7278,40,comp2
2787,7278,52,comp4
2788,7278,52,comp1
2789,7278,66,comp1
2790,7278,88,comp1
2791,7278,88,comp2
2792,7302,1,comp4
2793,7302,1,comp2
2794,7302,15,comp2
2795,7302,15,comp4
2796,7302,23,comp2
2797,7302,59,comp1
2798,7302,59,comp2
2799,7302,64,comp2
2800,7302,69,comp3
2801,7302,84,comp1
2802,7302,90,comp3
2803,7302,90,comp4
2804,7302,95,comp3
2805,7302,95,comp4
2806,7326,8,comp4
2807,7326,26,comp1
2808,7326,26,comp4
2809,7326,35,comp4
2810,7326,42,comp1
2811,7326,43,comp1
2812,7326,43,comp4
2813,7326,78,comp4
2814,7326,78,comp3
2815,7350,3,comp2
2816,7350,3,comp1
2817,7350,6,comp4
2818,7350,6,comp2
2819,7350,22,comp3
2820,7350,22,comp2
2821,7350,31,comp4
2822,7350,31,comp2
2823,7350,45,comp1
2824,7350,45,comp3
2825,7350,75,comp3
2826,7374,21,comp4
2827,7374,46,comp1
2828,7374,57,comp1
2829,7374,72,comp1
2830,7374,74,comp3
2831,7374,86,comp1
2832,7374,89,comp1
2833,7374,94,comp3
2834,7398,5,comp3
2835,7398,5,comp4
2836,7398,7,comp2
2837,7398,7,comp4
2838,7398,30,comp1
2839,7398,47,comp4
2840,7398,97,comp2
2841,7422,27,comp1
2842,7422,27,comp3
2843,7422,32,comp1
2844,7446,13,comp3
2845,7446,13,comp2
2846,7446,48,comp2
2847,7446,48,comp1
2848,7446,71,comp1
2849,7446,77,comp3
2850,7470,87,comp4
2851,7494,53,comp2
2852,7494,62,comp2
2853,7494,63,comp1
2854,7494,63,comp2
2855,7494,70,comp1
2856,7494,70,comp3
2857,7494,80,comp2
2858,7494,82,comp1
2859,7494,100,comp4
2860,7518,56,comp1
2861,7542,18,comp3
2862,7542,49,comp3
2863,7542,50,comp4
2864,7542,54,comp1
2865,7542,54,comp2
2866,7542,60,comp4
2867,7542,85,comp1
2868,7542,85,comp2
2869,7542,98,comp4
2870,7566,14,comp4
2871,7566,14,comp2
2872,7566,17,comp3
2873,7566,33,comp2
2874,7566,33,comp3
2875,7566,34,comp3
2876,7566,34,comp1
2877,7566,39,comp3
2878,7566,39,comp1
2879,7566,51,comp3
2880,7566,65,comp3
2881,7566,67,comp2
2882,7566,93,comp2
2883,7566,93,comp3
2884,7590,4,comp2
2885,7590,4,comp4
2886,7590,16,comp4
2887,7590,16,comp1
2888,7590,24,comp1
2889,7590,24,comp4
2890,7590,29,comp3
2891,7590,41,comp1
2892,7590,41,comp3
2893,7590,68,comp4
2894,7590,73,comp4
2895,7590,73,comp3
2896,7590,79,comp1
2897,7590,79,comp3
2898,7590,81,comp1
2899,7590,91,comp3
2900,7614,2,comp1
2901,7614,9,comp1
2902,7614,9,comp2
2903,7614,96,comp1
2904,7614,99,comp2
2905,7638,10,comp4
2906,7638,10,comp3
2907,7638,20,comp2
2908,7638,20,comp3
2909,7638,37,comp2
2910,7638,40,comp2
2911,7638,52,comp1
2912,7638,66,comp2
2913,7638,66,comp3
2914,7662,1,comp2
2915,7662,11,comp4
2916,7662,23,comp3
2917,7662,23,comp1
2918,7662,64,comp2
2919,7662,69,comp3
2920,7662,69,comp4
2921,7662,84,comp4
2922,7662,90,comp1
2923,7662,90,comp3
2924,7662,92,comp4
2925,7662,95,comp3
2926,7686,8,comp3
2927,7686,26,comp2
2928,7686,26,comp4
2929,7686,35,comp4
2930,7686,42,comp2
2931,7686,43,comp2
2932,7686,55,comp2
2933,7686,78,comp3
2934,7710,3,comp4
2935,7710,3,comp1
2936,7710,6,comp4
2937,7710,6,comp2
2938,7710,12,comp4
2939,7710,12,comp1
2940,7710,22,comp4
2941,7710,22,comp1
2942,7710,31,comp1
2943,7710,31,comp3
2944,7710,36,comp4
2945,7710,36,comp2
2946,7710,45,comp1
2947,7710,75,comp3
2948,7734,21,comp4
2949,7734,46,comp2
2950,7734,46,comp4
2951,7734,57,comp4
2952,7734,86,comp2
2953,7734,89,comp2
2954,7734,94,comp4
2955,7734,94,comp2
2956,7758,5,comp1
2957,7758,7,comp3
2958,7758,30,comp3
2959,7758,47,comp2
2960,7758,97,comp2
2961,7758,97,comp4
2962,7782,27,comp4
2963,7782,32,comp1
2964,7806,13,comp3
2965,7806,48,comp3
2966,7806,71,comp3
2967,7830,87,comp4
2968,7854,19,comp4
2969,7854,61,comp2
2970,7854,62,comp2
2971,7854,63,comp4
2972,7854,70,comp3
2973,7854,80,comp3
2974,7854,82,comp1
2975,7854,82,comp3
2976,7878,56,comp2
2977,7902,18,comp3
2978,7902,44,comp3
2979,7902,49,comp2
2980,7902,50,comp3
2981,7902,54,comp1
2982,7902,60,comp3
2983,7902,85,comp2
2984,7902,98,comp2
2985,7902,98,comp3
2986,7926,14,comp2
2987,7926,14,comp3
2988,7926,17,comp3
2989,7926,17,comp2
2990,7926,28,comp3
2991,7926,28,comp4
2992,7926,33,comp1
2993,7926,33,comp2
2994,7926,34,comp4
2995,7926,39,comp3
2996,7926,39,comp2
2997,7926,51,comp4
2998,7926,58,comp3
2999,7926,58,comp4
3000,7926,65,comp3
3001,7926,67,comp3
3002,7926,83,comp4
3003,7926,93,comp3
3004,7950,4,comp1
3005,7950,4,comp4
3006,7950,16,comp2
3007,7950,24,comp1
3008,7950,24,comp3
3009,7950,29,comp3
3010,7950,29,comp2
3011,7950,41,comp4
3012,7950,68,comp1
3013,7950,68,comp4
3014,7950,73,comp1
3015,7950,79,comp1
3016,7950,81,comp4
3017,7950,91,comp1
3018,7974,2,comp1
3019,7974,2,comp3
3020,7974,76,comp1
3021,7974,76,comp3
3022,7974,96,comp1
3023,7974,99,comp3
3024,7998,10,comp4
3025,7998,20,comp3
3026,7998,25,comp4
3027,7998,37,comp3
3028,7998,40,comp1
3029,7998,52,comp3
3030,7998,66,comp3
3031,7998,88,comp2
3032,7998,88,comp4
3033,8022,1,comp3
3034,8022,11,comp1
3035,8022,23,comp1
3036,8022,59,comp1
3037,8022,64,comp2
3038,8022,69,comp4
3039,8022,69,comp3
3040,8022,84,comp4
3041,8022,90,comp2
3042,8022,92,comp3
3043,8022,95,comp4
3044,8046,8,comp3
3045,8046,26,comp2
3046,8046,35,comp2
3047,8046,42,comp1
3048,8046,43,comp1
3049,8046,55,comp1
3050,8046,55,comp2
3051,8046,78,comp4
3052,8070,3,comp2
3053,8070,6,comp3
3054,8070,6,comp2
3055,8070,12,comp1
3056,8070,22,comp3
3057,8070,36,comp4
3058,8070,45,comp3
3059,8070,75,comp2
3060,8094,21,comp2
3061,8094,21,comp4
3062,8094,46,comp4
3063,8094,46,comp1
3064,8094,57,comp1
3065,8094,72,comp4
3066,8094,74,comp4
3067,8094,74,comp2
3068,8094,86,comp3
3069,8094,89,comp1
3070,8094,94,comp1
3071,8118,5,comp1
3072,8118,7,comp4
3073,8118,30,comp4
3074,8118,30,comp2
3075,8118,97,comp2
3076,8118,97,comp1
3077,8142,27,comp3
3078,8142,27,comp4
3079,8142,32,comp3
3080,8166,13,comp4
3081,8166,48,comp3
3082,8166,71,comp3
3083,8166,77,comp2
3084,8166,77,comp3
3085,8190,87,comp1
3086,8214,19,comp1
3087,8214,53,comp2
3088,8214,61,comp4
3089,8214,62,comp4
3090,8214,63,comp2
3091,8214,70,comp2
3092,8214,70,comp1
3093,8214,80,comp4
3094,8214,80,comp2
3095,8214,82,comp3
3096,8214,82,comp2
3097,8214,100,comp2
3098,8238,56,comp2
3099,8262,44,comp3
3100,8262,44,comp2
3101,8262,49,comp1
3102,8262,50,comp3
3103,8262,54,comp4
3104,8262,60,comp4
3105,8262,85,comp3
3106,8262,98,comp2
3107,8286,14,comp2
3108,8286,17,comp3
3109,8286,28,comp4
3110,8286,33,comp2
3111,8286,33,comp3
3112,8286,34,comp2
3113,8286,39,comp1
3114,8286,51,comp2
3115,8286,51,comp4
3116,8286,58,comp2
3117,8286,65,comp1
3118,8286,65,comp2
3119,8310,4,comp1
3120,8310,4,comp4
3121,8310,16,comp1
3122,8310,24,comp3
3123,8310,29,comp4
3124,8310,29,comp2
3125,8310,38,comp1
3126,8310,38,comp4
3127,8310,68,comp2
3128,8310,73,comp3
3129,8310,79,comp4
3130,8310,81,comp2
3131,8310,81,comp3
3132,8334,2,comp1
3133,8334,9,comp2
3134,8334,76,comp3
3135,8334,96,comp4
3136,8334,99,comp4
3137,8358,10,comp3
3138,8358,20,comp1
3139,8358,37,comp4
3140,8358,40,comp3
3141,8358,52,comp1
3142,8358,52,comp2
3143,8358,66,comp2
3144,8358,66,comp1
3145,8382,1,comp4
3146,8382,11,comp3
3147,8382,15,comp2
3148,8382,23,comp4
3149,8382,59,comp3
3150,8382,59,comp1
3151,8382,69,comp1
3152,8382,84,comp3
3153,8382,84,comp4
3154,8382,92,comp4
3155,8382,95,comp2
3156,8406,8,comp3
3157,8406,8,comp2
3158,8406,26,comp4
3159,8406,35,comp4
3160,8406,35,comp2
3161,8406,42,comp3
3162,8406,43,comp2
3163,8406,55,comp1
3164,8406,78,comp2
3165,8406,78,comp4
3166,8430,3,comp2
3167,8430,6,comp2
3168,8430,12,comp3
3169,8430,31,comp1
3170,8430,36,comp4
3171,8430,45,comp1
3172,8430,45,comp3
3173,8430,75,comp2
3174,8454,21,comp3
3175,8454,21,comp2
3176,8454,46,comp1
3177,8454,57,comp3
3178,8454,72,comp4
3179,8454,74,comp4
3180,8454,86,comp2
3181,8454,86,comp4
3182,8454,89,comp3
3183,8454,94,comp2
3184,8478,5,comp3
3185,8478,7,comp1
3186,8478,30,comp4
3187,8478,30,comp2
3188,8478,47,comp2
3189,8478,97,comp4
3190,8502,27,comp4
3191,8502,32,comp1
3192,8502,32,comp3
3193,8526,13,comp1
3194,8526,13,comp2
3195,8526,48,comp2
3196,8526,71,comp3
3197,8526,77,comp3
3198,8526,77,comp4
3199,8550,87,comp3
3200,8574,19,comp1
3201,8574,53,comp1
3202,8574,61,comp4
3203,8574,62,comp2
3204,8574,63,comp3
3205,8574,70,comp4
3206,8574,80,comp1
3207,8574,80,comp2
3208,8574,82,comp1
3209,8574,100,comp2
3210,8598,56,comp1
3211,8622,18,comp1
3212,8622,44,comp4
3213,8622,44,comp3
3214,8622,49,comp4
3215,8622,49,comp1
3216,8622,54,comp2
3217,8622,85,comp4
3218,8622,98,comp2
3219,8646,14,comp4
3220,8646,17,comp1
3221,8646,28,comp4
3222,8646,28,comp1
3223,8646,33,comp2
3224,8646,34,comp2
3225,8646,39,comp1
3226,8646,39,comp2
3227,8646,51,comp4
3228,8646,65,comp3
3229,8646,83,comp2
3230,8646,83,comp1
3231,8646,93,comp1
3232,8670,4,comp3
3233,8670,24,comp3
3234,8670,24,comp1
3235,8670,29,comp3
3236,8670,41,comp1
3237,8670,41,comp4
3238,8670,68,comp2
3239,8670,68,comp3
3240,8670,73,comp1
3241,8670,79,comp3
3242,8670,81,comp4
3243,8670,81,comp2
3244,8670,91,comp3
3245,8670,91,comp1
3246,8694,2,comp2
3247,8694,9,comp2
3248,8694,9,comp1
3249,8694,76,comp1
3250,8694,96,comp3
3251,8694,96,comp1
3252,8694,99,comp2
3253,8718,10,comp3
3254,8718,20,comp4
3255,8718,25,comp1
3256,8718,25,comp3
3257,8718,37,comp1
3258,8718,40,comp4
3259,8718,40,comp3
3260,8718,52,comp4
3261,8718,66,comp4
3262,8718,66,comp1
3263,8718,88,comp1
3264,8742,1,comp1
3265,8742,11,comp1
3266,8742,15,comp2
3267,8742,15,comp4
3268,8742,23,comp1
3269,8742,59,comp1
3270,8742,64,comp1
3271,8742,64,comp3
3272,8742,69,comp3
3273,8742,84,comp1
3274,8742,84,comp2
3275,8742,90,comp1
3276,8742,92,comp3
3277,8742,95,comp1
3278,8742,95,comp2
3279,8766,8,comp2
3280,8766,26,comp1
3281,8766,35,comp2
3282,8766,42,comp4
3283,8766,43,comp1
3284,8766,55,comp3
3285,8766,78,comp3
